branch_id,query_id,state_id,source_task_id,source_episode_id,source_episode_index,source_seed,source_goal,target_goal,landmark_step,proposal_seed,continuation_schedule,steps_executed,first_plan_steps,continuation_replans,terminal_reason,underlying_done,success,target_goal_first_step,source_goal_first_step,other_goal_first_step,target_reached,source_goal_reached,target_in_first_plan,source_goal_in_first_plan,source_reconstruction_recorded,first10_drawer,first10_cabinet,first10_bowl_displacement_norm,first10_eef_displacement_norm,first10_contact_count,first10_grasped_count,first_plan_drawer,first_plan_cabinet,first_plan_bowl_displacement_norm,first_plan_eef_displacement_norm,first_plan_contact_count,first_plan_grasped_count,final_drawer,final_cabinet,final_bowl_displacement_norm,final_eef_displacement_norm,final_contact_count,final_grasped_count
task03_ep000_step0050__goal_cabinet__proposal_101__continuation_0,task03_ep000_step0050__goal_cabinet__proposal_101,task03_ep000_step0050,3,libero_goal_task03_ep000_seed0,0,0,drawer,cabinet,50,101,0,150,50,2,horizon,False,0,,,,0,0,0,0,1,False,False,0.0,0.06727098492043569,37,0,False,False,0.0,0.17778863481587528,37,0,False,False,0.0704493677980009,0.21198394318069883,37,0
task03_ep000_step0050__goal_cabinet__proposal_101__continuation_1,task03_ep000_step0050__goal_cabinet__proposal_101,task03_ep000_step0050,3,libero_goal_task03_ep000_seed0,0,0,drawer,cabinet,50,101,1,150,50,2,horizon,False,0,,,,0,0,0,0,1,False,False,0.0,0.06727098492043569,37,0,False,False,0.0,0.17778863481587528,37,0,False,False,0.03640769046822606,0.22878916332474417,37,0
task03_ep000_step0050__goal_cabinet__proposal_202__continuation_0,task03_ep000_step0050__goal_cabinet__proposal_202,task03_ep000_step0050,3,libero_goal_task03_ep000_seed0,0,0,drawer,cabinet,50,202,0,150,50,2,horizon,False,0,,,,0,0,0,0,1,False,False,0.0,0.06999223496179452,37,0,False,False,0.0,0.18227725795587577,37,0,False,False,0.05985724434453149,0.1947251263779541,37,0
task03_ep000_step0050__goal_cabinet__proposal_202__continuation_1,task03_ep000_step0050__goal_cabinet__proposal_202,task03_ep000_step0050,3,libero_goal_task03_ep000_seed0,0,0,drawer,cabinet,50,202,1,150,50,2,horizon,False,0,,,,0,0,0,0,1,False,False,0.0,0.06999223496179452,37,0,False,False,0.0,0.18227725795587577,37,0,False,False,0.062029145456426404,0.20567175499764495,37,0
task03_ep000_step0050__goal_cabinet__proposal_303__continuation_0,task03_ep000_step0050__goal_cabinet__proposal_303,task03_ep000_step0050,3,libero_goal_task03_ep000_seed0,0,0,drawer,cabinet,50,303,0,150,50,2,horizon,False,0,,,,0,0,0,0,1,False,False,0.0,0.07021794998365306,37,0,False,False,0.0,0.17935742228939294,37,0,False,False,0.033775788752620016,0.2272408752624529,37,0
task03_ep000_step0050__goal_cabinet__proposal_303__continuation_1,task03_ep000_step0050__goal_cabinet__proposal_303,task03_ep000_step0050,3,libero_goal_task03_ep000_seed0,0,0,drawer,cabinet,50,303,1,150,50,2,horizon,False,0,,,,0,0,0,0,1,False,False,0.0,0.07021794998365306,37,0,False,False,0.0,0.17935742228939294,37,0,False,False,0.02956960156001987,0.18658702473888425,37,0
task03_ep000_step0050__goal_cabinet__proposal_404__continuation_0,task03_ep000_step0050__goal_cabinet__proposal_404,task03_ep000_step0050,3,libero_goal_task03_ep000_seed0,0,0,drawer,cabinet,50,404,0,150,50,2,horizon,False,0,,,,0,0,0,0,1,False,False,0.0,0.07020119010183733,37,0,False,False,0.0,0.18231208390989598,37,0,False,False,0.062404665179296014,0.20055268185947256,37,0
task03_ep000_step0050__goal_cabinet__proposal_404__continuation_1,task03_ep000_step0050__goal_cabinet__proposal_404,task03_ep000_step0050,3,libero_goal_task03_ep000_seed0,0,0,drawer,cabinet,50,404,1,150,50,2,horizon,False,0,,,,0,0,0,0,1,False,False,0.0,0.07020119010183733,37,0,False,False,0.0,0.18231208390989598,37,0,False,False,0.04540254037014919,0.19304921379034293,21,0
task03_ep000_step0050__goal_drawer__proposal_101__continuation_0,task03_ep000_step0050__goal_drawer__proposal_101,task03_ep000_step0050,3,libero_goal_task03_ep000_seed0,0,0,drawer,drawer,50,101,0,150,50,2,horizon,False,0,,,,0,0,0,0,1,False,False,0.0,0.07493637063937404,38,0,False,False,0.0,0.2043635619436105,37,0,False,False,0.13222939964127506,0.24822914982855795,25,0
task03_ep000_step0050__goal_drawer__proposal_101__continuation_1,task03_ep000_step0050__goal_drawer__proposal_101,task03_ep000_step0050,3,libero_goal_task03_ep000_seed0,0,0,drawer,drawer,50,101,1,150,50,2,horizon,False,0,,,,0,0,0,0,1,False,False,0.0,0.07493637063937404,38,0,False,False,0.0,0.2043635619436105,37,0,False,False,0.11606249508411881,0.24848393685032477,24,0
task03_ep000_step0050__goal_drawer__proposal_202__continuation_0,task03_ep000_step0050__goal_drawer__proposal_202,task03_ep000_step0050,3,libero_goal_task03_ep000_seed0,0,0,drawer,drawer,50,202,0,150,50,2,horizon,False,0,,,,0,0,0,0,1,False,False,0.0,0.07572494375905214,38,0,False,False,0.0,0.2035264044397338,37,0,False,False,0.10402921108244664,0.23990882747020675,24,0
task03_ep000_step0050__goal_drawer__proposal_202__continuation_1,task03_ep000_step0050__goal_drawer__proposal_202,task03_ep000_step0050,3,libero_goal_task03_ep000_seed0,0,0,drawer,drawer,50,202,1,150,50,2,horizon,False,0,,,,0,0,0,0,1,False,False,0.0,0.07572494375905214,38,0,False,False,0.0,0.2035264044397338,37,0,False,False,0.1330362020230241,0.24932625086118015,19,0
task03_ep000_step0050__goal_drawer__proposal_303__continuation_0,task03_ep000_step0050__goal_drawer__proposal_303,task03_ep000_step0050,3,libero_goal_task03_ep000_seed0,0,0,drawer,drawer,50,303,0,150,50,2,horizon,False,0,,,,0,0,0,0,1,False,False,0.0,0.07614638842696836,38,0,False,False,0.0,0.20438792905707193,37,0,False,False,0.10812712574394359,0.24162788082127395,17,0
task03_ep000_step0050__goal_drawer__proposal_303__continuation_1,task03_ep000_step0050__goal_drawer__proposal_303,task03_ep000_step0050,3,libero_goal_task03_ep000_seed0,0,0,drawer,drawer,50,303,1,150,50,2,horizon,False,0,,,,0,0,0,0,1,False,False,0.0,0.07614638842696836,38,0,False,False,0.0,0.20438792905707193,37,0,False,False,0.12117545158936995,0.25085940258842376,17,0
task03_ep000_step0050__goal_drawer__proposal_404__continuation_0,task03_ep000_step0050__goal_drawer__proposal_404,task03_ep000_step0050,3,libero_goal_task03_ep000_seed0,0,0,drawer,drawer,50,404,0,125,50,2,target_success,True,1,125.0,125.0,,1,1,0,0,1,False,False,0.0,0.07559271784258292,39,0,False,False,0.0,0.21252547351931508,37,0,True,False,0.27630278624528487,0.07122741040452972,25,0
task03_ep000_step0050__goal_drawer__proposal_404__continuation_1,task03_ep000_step0050__goal_drawer__proposal_404,task03_ep000_step0050,3,libero_goal_task03_ep000_seed0,0,0,drawer,drawer,50,404,1,150,50,2,horizon,False,0,,,,0,0,0,0,1,False,False,0.0,0.07559271784258292,39,0,False,False,0.0,0.21252547351931508,37,0,False,False,0.12818911212274733,0.2493565428040364,18,0
task03_ep000_step0100__goal_cabinet__proposal_101__continuation_0,task03_ep000_step0100__goal_cabinet__proposal_101,task03_ep000_step0100,3,libero_goal_task03_ep000_seed0,0,0,drawer,cabinet,100,101,0,150,50,2,horizon,False,0,,,,0,0,0,0,1,False,False,0.0016627832986679646,0.07530995199116935,47,0,False,False,0.03720593418627698,0.3015373126105924,37,0,False,False,0.03720593418627698,0.3488416916293141,37,0
task03_ep000_step0100__goal_cabinet__proposal_101__continuation_1,task03_ep000_step0100__goal_cabinet__proposal_101,task03_ep000_step0100,3,libero_goal_task03_ep000_seed0,0,0,drawer,cabinet,100,101,1,150,50,2,horizon,False,0,,,,0,0,0,0,1,False,False,0.0016627832986679646,0.07530995199116935,47,0,False,False,0.03720593418627698,0.3015373126105924,37,0,False,False,0.03720593418627698,0.3626472860500514,37,0
task03_ep000_step0100__goal_cabinet__proposal_202__continuation_0,task03_ep000_step0100__goal_cabinet__proposal_202,task03_ep000_step0100,3,libero_goal_task03_ep000_seed0,0,0,drawer,cabinet,100,202,0,150,50,2,horizon,False,0,,,,0,0,0,0,1,False,False,0.002309296311551119,0.07472993398488033,44,0,False,False,0.05144603736519584,0.3000748601783239,37,0,False,False,0.05144603736519584,0.3421087150413899,37,0
task03_ep000_step0100__goal_cabinet__proposal_202__continuation_1,task03_ep000_step0100__goal_cabinet__proposal_202,task03_ep000_step0100,3,libero_goal_task03_ep000_seed0,0,0,drawer,cabinet,100,202,1,150,50,2,horizon,False,0,,,,0,0,0,0,1,False,False,0.002309296311551119,0.07472993398488033,44,0,False,False,0.05144603736519584,0.3000748601783239,37,0,False,False,0.05144603736519584,0.36021403584736034,37,0
task03_ep000_step0100__goal_cabinet__proposal_303__continuation_0,task03_ep000_step0100__goal_cabinet__proposal_303,task03_ep000_step0100,3,libero_goal_task03_ep000_seed0,0,0,drawer,cabinet,100,303,0,76,50,1,target_success,False,1,76.0,,,1,0,0,0,1,False,False,0.0010648192659963136,0.07502743700729889,53,0,False,False,0.2883620412564298,0.27431465187400716,23,1,False,True,0.3156592736677448,0.3474207815954849,18,0
task03_ep000_step0100__goal_cabinet__proposal_303__continuation_1,task03_ep000_step0100__goal_cabinet__proposal_303,task03_ep000_step0100,3,libero_goal_task03_ep000_seed0,0,0,drawer,cabinet,100,303,1,150,50,2,horizon,False,0,,,,0,0,0,0,1,False,False,0.0010648192659963136,0.07502743700729889,53,0,False,False,0.2883620412564298,0.27431465187400716,23,1,False,False,0.5410653314808276,0.5218851392519079,19,0
task03_ep000_step0100__goal_cabinet__proposal_404__continuation_0,task03_ep000_step0100__goal_cabinet__proposal_404,task03_ep000_step0100,3,libero_goal_task03_ep000_seed0,0,0,drawer,cabinet,100,404,0,150,50,2,horizon,False,0,,,,0,0,0,0,1,False,False,0.0008767709580270982,0.07479577215065995,50,0,False,False,0.0440165439539697,0.3030590973153043,37,0,False,False,0.0440165439539697,0.3415826890237443,37,0
task03_ep000_step0100__goal_cabinet__proposal_404__continuation_1,task03_ep000_step0100__goal_cabinet__proposal_404,task03_ep000_step0100,3,libero_goal_task03_ep000_seed0,0,0,drawer,cabinet,100,404,1,150,50,2,horizon,False,0,,,,0,0,0,0,1,False,False,0.0008767709580270982,0.07479577215065995,50,0,False,False,0.0440165439539697,0.3030590973153043,37,0,False,False,0.0440165439539697,0.37225821184834845,37,0
task03_ep000_step0100__goal_drawer__proposal_101__continuation_0,task03_ep000_step0100__goal_drawer__proposal_101,task03_ep000_step0100,3,libero_goal_task03_ep000_seed0,0,0,drawer,drawer,100,101,0,150,50,2,horizon,False,0,,,150.0,0,0,0,0,1,False,False,0.0,0.07791036675139265,37,0,False,False,0.07987349027941038,0.04024256576718356,28,0,False,True,0.2991446291121275,0.2751525283420132,23,0
task03_ep000_step0100__goal_drawer__proposal_101__continuation_1,task03_ep000_step0100__goal_drawer__proposal_101,task03_ep000_step0100,3,libero_goal_task03_ep000_seed0,0,0,drawer,drawer,100,101,1,150,50,2,horizon,False,0,,,,0,0,0,0,1,False,False,0.0,0.07791036675139265,37,0,False,False,0.07987349027941038,0.04024256576718356,28,0,False,False,0.29931250511426977,0.2774719679462105,20,0
task03_ep000_step0100__goal_drawer__proposal_202__continuation_0,task03_ep000_step0100__goal_drawer__proposal_202,task03_ep000_step0100,3,libero_goal_task03_ep000_seed0,0,0,drawer,drawer,100,202,0,100,50,1,target_success,True,1,100.0,100.0,,1,1,0,0,1,False,False,0.0,0.07694431512279787,37,0,False,False,0.0838587038241242,0.0360435900632747,30,0,True,False,0.26218465047398787,0.25090195007266264,18,0
task03_ep000_step0100__goal_drawer__proposal_202__continuation_1,task03_ep000_step0100__goal_drawer__proposal_202,task03_ep000_step0100,3,libero_goal_task03_ep000_seed0,0,0,drawer,drawer,100,202,1,101,50,2,target_success,True,1,101.0,101.0,,1,1,0,0,1,False,False,0.0,0.07694431512279787,37,0,False,False,0.0838587038241242,0.0360435900632747,30,0,True,False,0.2604609112967145,0.2539715696190096,18,0
task03_ep000_step0100__goal_drawer__proposal_303__continuation_0,task03_ep000_step0100__goal_drawer__proposal_303,task03_ep000_step0100,3,libero_goal_task03_ep000_seed0,0,0,drawer,drawer,100,303,0,150,50,2,horizon,False,0,,,,0,0,0,0,1,False,False,0.0,0.0799460929401595,37,0,False,False,0.07932739021707887,0.04095472592037439,28,0,False,False,0.2920558060133651,0.2647003874382666,25,0
task03_ep000_step0100__goal_drawer__proposal_303__continuation_1,task03_ep000_step0100__goal_drawer__proposal_303,task03_ep000_step0100,3,libero_goal_task03_ep000_seed0,0,0,drawer,drawer,100,303,1,150,50,2,horizon,False,0,,,,0,0,0,0,1,False,False,0.0,0.0799460929401595,37,0,False,False,0.07932739021707887,0.04095472592037439,28,0,False,False,0.28907715721982546,0.2586621836995945,22,0
task03_ep000_step0100__goal_drawer__proposal_404__continuation_0,task03_ep000_step0100__goal_drawer__proposal_404,task03_ep000_step0100,3,libero_goal_task03_ep000_seed0,0,0,drawer,drawer,100,404,0,150,50,2,horizon,False,0,,,,0,0,0,0,1,False,False,0.0,0.07706827213944899,37,0,False,False,0.08204177864118323,0.03888839348202611,30,0,False,False,0.2877186330094022,0.2501114120015844,24,1
task03_ep000_step0100__goal_drawer__proposal_404__continuation_1,task03_ep000_step0100__goal_drawer__proposal_404,task03_ep000_step0100,3,libero_goal_task03_ep000_seed0,0,0,drawer,drawer,100,404,1,150,50,2,horizon,False,0,,,,0,0,0,0,1,False,False,0.0,0.07706827213944899,37,0,False,False,0.08204177864118323,0.03888839348202611,30,0,False,False,0.29260133086197637,0.26156464422926307,23,0
task03_ep001_step0050__goal_cabinet__proposal_101__continuation_0,task03_ep001_step0050__goal_cabinet__proposal_101,task03_ep001_step0050,3,libero_goal_task03_ep001_seed1,1,1,drawer,cabinet,50,101,0,150,50,2,horizon,False,0,,,,0,0,0,0,1,False,False,0.0,0.06768831423955614,38,0,False,False,0.0,0.1382066100536424,37,0,False,False,0.0,0.21622107348486072,37,0
task03_ep001_step0050__goal_cabinet__proposal_101__continuation_1,task03_ep001_step0050__goal_cabinet__proposal_101,task03_ep001_step0050,3,libero_goal_task03_ep001_seed1,1,1,drawer,cabinet,50,101,1,150,50,2,horizon,False,0,,,,0,0,0,0,1,False,False,0.0,0.06768831423955614,38,0,False,False,0.0,0.1382066100536424,37,0,False,False,0.0,0.23408877421673158,37,0
task03_ep001_step0050__goal_cabinet__proposal_202__continuation_0,task03_ep001_step0050__goal_cabinet__proposal_202,task03_ep001_step0050,3,libero_goal_task03_ep001_seed1,1,1,drawer,cabinet,50,202,0,118,50,2,target_success,False,1,118.0,,,1,0,0,0,1,False,False,0.0,0.07072207055815985,38,0,False,False,0.0,0.1810166068251864,37,0,False,True,0.3239116095626459,0.16692153767846407,20,0
task03_ep001_step0050__goal_cabinet__proposal_202__continuation_1,task03_ep001_step0050__goal_cabinet__proposal_202,task03_ep001_step0050,3,libero_goal_task03_ep001_seed1,1,1,drawer,cabinet,50,202,1,120,50,2,target_success,False,1,120.0,,,1,0,0,0,1,False,False,0.0,0.07072207055815985,38,0,False,False,0.0,0.1810166068251864,37,0,False,True,0.32801221599773095,0.1725070606326544,23,1
task03_ep001_step0050__goal_cabinet__proposal_303__continuation_0,task03_ep001_step0050__goal_cabinet__proposal_303,task03_ep001_step0050,3,libero_goal_task03_ep001_seed1,1,1,drawer,cabinet,50,303,0,150,50,2,horizon,False,0,,,,0,0,0,0,1,False,False,0.0,0.0696713425292346,38,0,False,False,0.0,0.14388106545805396,38,0,False,False,0.0,0.21806088467602253,37,0
task03_ep001_step0050__goal_cabinet__proposal_303__continuation_1,task03_ep001_step0050__goal_cabinet__proposal_303,task03_ep001_step0050,3,libero_goal_task03_ep001_seed1,1,1,drawer,cabinet,50,303,1,150,50,2,horizon,False,0,,,,0,0,0,0,1,False,False,0.0,0.0696713425292346,38,0,False,False,0.0,0.14388106545805396,38,0,False,False,0.0,0.24157310602902157,37,0
task03_ep001_step0050__goal_cabinet__proposal_404__continuation_0,task03_ep001_step0050__goal_cabinet__proposal_404,task03_ep001_step0050,3,libero_goal_task03_ep001_seed1,1,1,drawer,cabinet,50,404,0,119,50,2,target_success,False,1,119.0,,,1,0,0,0,1,False,False,0.0,0.07147715139993259,38,0,False,False,0.0,0.1812682186091954,37,0,False,True,0.32472159613749957,0.16634947561775915,25,0
task03_ep001_step0050__goal_cabinet__proposal_404__continuation_1,task03_ep001_step0050__goal_cabinet__proposal_404,task03_ep001_step0050,3,libero_goal_task03_ep001_seed1,1,1,drawer,cabinet,50,404,1,119,50,2,target_success,False,1,119.0,,,1,0,0,0,1,False,False,0.0,0.07147715139993259,38,0,False,False,0.0,0.1812682186091954,37,0,False,True,0.33054088614685245,0.17258342606054008,25,1
task03_ep001_step0050__goal_drawer__proposal_101__continuation_0,task03_ep001_step0050__goal_drawer__proposal_101,task03_ep001_step0050,3,libero_goal_task03_ep001_seed1,1,1,drawer,drawer,50,101,0,128,50,2,target_success,True,1,128.0,128.0,,1,1,0,0,1,False,False,0.0,0.08379848356817012,38,0,False,False,0.0,0.18867270062005573,37,0,True,False,0.27594930325702133,0.05931937718464983,25,1
task03_ep001_step0050__goal_drawer__proposal_101__continuation_1,task03_ep001_step0050__goal_drawer__proposal_101,task03_ep001_step0050,3,libero_goal_task03_ep001_seed1,1,1,drawer,drawer,50,101,1,129,50,2,target_success,True,1,129.0,129.0,,1,1,0,0,1,False,False,0.0,0.08379848356817012,38,0,False,False,0.0,0.18867270062005573,37,0,True,False,0.2777456703018256,0.06177202864263908,17,0
task03_ep001_step0050__goal_drawer__proposal_202__continuation_0,task03_ep001_step0050__goal_drawer__proposal_202,task03_ep001_step0050,3,libero_goal_task03_ep001_seed1,1,1,drawer,drawer,50,202,0,128,50,2,target_success,True,1,128.0,128.0,,1,1,0,0,1,False,False,0.0,0.08438024781793017,38,0,False,False,0.0,0.18985997525750728,37,0,True,False,0.2770865935596499,0.06078275041785814,17,0
task03_ep001_step0050__goal_drawer__proposal_202__continuation_1,task03_ep001_step0050__goal_drawer__proposal_202,task03_ep001_step0050,3,libero_goal_task03_ep001_seed1,1,1,drawer,drawer,50,202,1,150,50,2,horizon,False,0,,,,0,0,0,0,1,False,False,0.0,0.08438024781793017,38,0,False,False,0.0,0.18985997525750728,37,0,False,False,0.05031926134393848,0.12044901233109644,37,0
task03_ep001_step0050__goal_drawer__proposal_303__continuation_0,task03_ep001_step0050__goal_drawer__proposal_303,task03_ep001_step0050,3,libero_goal_task03_ep001_seed1,1,1,drawer,drawer,50,303,0,125,50,2,target_success,True,1,125.0,125.0,,1,1,0,0,1,False,False,0.0,0.08442924931426994,38,0,False,False,0.0,0.1910749225597284,37,0,True,False,0.27702585267876556,0.07181881620241784,24,1
task03_ep001_step0050__goal_drawer__proposal_303__continuation_1,task03_ep001_step0050__goal_drawer__proposal_303,task03_ep001_step0050,3,libero_goal_task03_ep001_seed1,1,1,drawer,drawer,50,303,1,124,50,2,target_success,True,1,124.0,124.0,,1,1,0,0,1,False,False,0.0,0.08442924931426994,38,0,False,False,0.0,0.1910749225597284,37,0,True,False,0.2774386521818248,0.07826572374039736,28,1
task03_ep001_step0050__goal_drawer__proposal_404__continuation_0,task03_ep001_step0050__goal_drawer__proposal_404,task03_ep001_step0050,3,libero_goal_task03_ep001_seed1,1,1,drawer,drawer,50,404,0,124,50,2,target_success,True,1,124.0,124.0,,1,1,0,0,1,False,False,0.0,0.08408419872335211,38,0,False,False,0.0,0.1976012222924731,37,0,True,False,0.26895068997806976,0.06898359275040865,27,1
task03_ep001_step0050__goal_drawer__proposal_404__continuation_1,task03_ep001_step0050__goal_drawer__proposal_404,task03_ep001_step0050,3,libero_goal_task03_ep001_seed1,1,1,drawer,drawer,50,404,1,128,50,2,target_success,True,1,128.0,128.0,,1,1,0,0,1,False,False,0.0,0.08408419872335211,38,0,False,False,0.0,0.1976012222924731,37,0,True,False,0.27626362395132176,0.06092807939192466,25,1
task03_ep001_step0100__goal_cabinet__proposal_101__continuation_0,task03_ep001_step0100__goal_cabinet__proposal_101,task03_ep001_step0100,3,libero_goal_task03_ep001_seed1,1,1,drawer,cabinet,100,101,0,67,50,1,target_success,False,1,67.0,,,1,0,0,0,1,False,False,0.0,0.07162134498877601,37,0,False,False,0.2673170331752224,0.2587638754544849,20,0,False,True,0.3208364636603867,0.3226615794653089,27,0
task03_ep001_step0100__goal_cabinet__proposal_101__continuation_1,task03_ep001_step0100__goal_cabinet__proposal_101,task03_ep001_step0100,3,libero_goal_task03_ep001_seed1,1,1,drawer,cabinet,100,101,1,67,50,1,target_success,False,1,67.0,,,1,0,0,0,1,False,False,0.0,0.07162134498877601,37,0,False,False,0.2673170331752224,0.2587638754544849,20,0,False,True,0.32192527385239117,0.32394822420418645,27,0
task03_ep001_step0100__goal_cabinet__proposal_202__continuation_0,task03_ep001_step0100__goal_cabinet__proposal_202,task03_ep001_step0100,3,libero_goal_task03_ep001_seed1,1,1,drawer,cabinet,100,202,0,73,50,1,target_success,False,1,73.0,,,1,0,0,0,1,False,False,0.0,0.071005852735392,37,0,False,False,0.3223301170658209,0.2702061124748578,25,1,False,True,0.3144294631396635,0.29458683077332887,19,0
task03_ep001_step0100__goal_cabinet__proposal_202__continuation_1,task03_ep001_step0100__goal_cabinet__proposal_202,task03_ep001_step0100,3,libero_goal_task03_ep001_seed1,1,1,drawer,cabinet,100,202,1,73,50,1,target_success,False,1,73.0,,,1,0,0,0,1,False,False,0.0,0.071005852735392,37,0,False,False,0.3223301170658209,0.2702061124748578,25,1,False,True,0.3148330765063244,0.2952860991661613,18,0
task03_ep001_step0100__goal_cabinet__proposal_303__continuation_0,task03_ep001_step0100__goal_cabinet__proposal_303,task03_ep001_step0100,3,libero_goal_task03_ep001_seed1,1,1,drawer,cabinet,100,303,0,70,50,1,target_success,False,1,70.0,,,1,0,0,0,1,False,False,0.0,0.07224449448356,37,0,False,False,0.29039541837167665,0.2537533750787682,26,1,False,True,0.32470048526982015,0.3065521315379837,21,0
task03_ep001_step0100__goal_cabinet__proposal_303__continuation_1,task03_ep001_step0100__goal_cabinet__proposal_303,task03_ep001_step0100,3,libero_goal_task03_ep001_seed1,1,1,drawer,cabinet,100,303,1,72,50,1,target_success,False,1,72.0,,,1,0,0,0,1,False,False,0.0,0.07224449448356,37,0,False,False,0.29039541837167665,0.2537533750787682,26,1,False,True,0.3272533356155439,0.3013661209614593,24,0
task03_ep001_step0100__goal_cabinet__proposal_404__continuation_0,task03_ep001_step0100__goal_cabinet__proposal_404,task03_ep001_step0100,3,libero_goal_task03_ep001_seed1,1,1,drawer,cabinet,100,404,0,72,50,1,target_success,False,1,72.0,,,1,0,0,0,1,False,False,0.0,0.07129506404759223,37,0,False,False,0.3226955256607819,0.27147858179961143,26,1,False,True,0.3143447025550911,0.29608955755512956,19,0
task03_ep001_step0100__goal_cabinet__proposal_404__continuation_1,task03_ep001_step0100__goal_cabinet__proposal_404,task03_ep001_step0100,3,libero_goal_task03_ep001_seed1,1,1,drawer,cabinet,100,404,1,73,50,1,target_success,False,1,73.0,,,1,0,0,0,1,False,False,0.0,0.07129506404759223,37,0,False,False,0.3226955256607819,0.27147858179961143,26,1,False,True,0.3147786067382761,0.2957140012915887,18,0
task03_ep001_step0100__goal_drawer__proposal_101__continuation_0,task03_ep001_step0100__goal_drawer__proposal_101,task03_ep001_step0100,3,libero_goal_task03_ep001_seed1,1,1,drawer,drawer,100,101,0,79,50,1,target_success,True,1,79.0,79.0,,1,1,0,0,1,False,False,0.0,0.06840694327143444,38,0,False,False,0.26542219573933024,0.20810264907244155,25,1,True,False,0.25996856502797516,0.24306957561612516,17,0
task03_ep001_step0100__goal_drawer__proposal_101__continuation_1,task03_ep001_step0100__goal_drawer__proposal_101,task03_ep001_step0100,3,libero_goal_task03_ep001_seed1,1,1,drawer,drawer,100,101,1,79,50,1,target_success,True,1,79.0,79.0,,1,1,0,0,1,False,False,0.0,0.06840694327143444,38,0,False,False,0.26542219573933024,0.20810264907244155,25,1,True,False,0.26082808156838133,0.24412961419638718,17,0
task03_ep001_step0100__goal_drawer__proposal_202__continuation_0,task03_ep001_step0100__goal_drawer__proposal_202,task03_ep001_step0100,3,libero_goal_task03_ep001_seed1,1,1,drawer,drawer,100,202,0,76,50,1,target_success,True,1,76.0,76.0,,1,1,0,0,1,False,False,0.0,0.06796434462534788,38,0,False,False,0.2793310213508368,0.20191432677350887,26,0,True,False,0.27047890535715235,0.24821393411550002,26,1
task03_ep001_step0100__goal_drawer__proposal_202__continuation_1,task03_ep001_step0100__goal_drawer__proposal_202,task03_ep001_step0100,3,libero_goal_task03_ep001_seed1,1,1,drawer,drawer,100,202,1,76,50,1,target_success,True,1,76.0,76.0,,1,1,0,0,1,False,False,0.0,0.06796434462534788,38,0,False,False,0.2793310213508368,0.20191432677350887,26,0,True,False,0.2701068248869659,0.2483107228531856,19,0
task03_ep001_step0100__goal_drawer__proposal_303__continuation_0,task03_ep001_step0100__goal_drawer__proposal_303,task03_ep001_step0100,3,libero_goal_task03_ep001_seed1,1,1,drawer,drawer,100,303,0,79,50,1,target_success,True,1,79.0,79.0,,1,1,0,0,1,False,False,0.0,0.0690696228733721,38,0,False,False,0.2605171799272378,0.20563494082016834,26,1,True,False,0.26047950668186864,0.24481608784153103,17,0
task03_ep001_step0100__goal_drawer__proposal_303__continuation_1,task03_ep001_step0100__goal_drawer__proposal_303,task03_ep001_step0100,3,libero_goal_task03_ep001_seed1,1,1,drawer,drawer,100,303,1,79,50,1,target_success,True,1,79.0,79.0,,1,1,0,0,1,False,False,0.0,0.0690696228733721,38,0,False,False,0.2605171799272378,0.20563494082016834,26,1,True,False,0.26130919596802477,0.24579381882223222,17,0
task03_ep001_step0100__goal_drawer__proposal_404__continuation_0,task03_ep001_step0100__goal_drawer__proposal_404,task03_ep001_step0100,3,libero_goal_task03_ep001_seed1,1,1,drawer,drawer,100,404,0,79,50,1,target_success,True,1,79.0,79.0,,1,1,0,0,1,False,False,0.0,0.067265758804387,38,0,False,False,0.2654893781619429,0.20716079200615534,25,1,True,False,0.2599184324676333,0.24159337841493306,17,0
task03_ep001_step0100__goal_drawer__proposal_404__continuation_1,task03_ep001_step0100__goal_drawer__proposal_404,task03_ep001_step0100,3,libero_goal_task03_ep001_seed1,1,1,drawer,drawer,100,404,1,79,50,1,target_success,True,1,79.0,79.0,,1,1,0,0,1,False,False,0.0,0.067265758804387,38,0,False,False,0.2654893781619429,0.20716079200615534,25,1,True,False,0.2607143571001182,0.24260723506508258,17,0
task03_ep003_step0100__goal_cabinet__proposal_101__continuation_0,task03_ep003_step0100__goal_cabinet__proposal_101,task03_ep003_step0100,3,libero_goal_task03_ep003_seed3,3,3,drawer,cabinet,100,101,0,150,50,2,horizon,False,0,,,,0,0,0,0,1,False,False,8.673617379884035e-19,0.12314160541733224,37,0,False,False,0.01750408862396814,0.015310629733253372,37,0,False,False,0.01750408862401672,0.25355440895785863,37,0
task03_ep003_step0100__goal_cabinet__proposal_101__continuation_1,task03_ep003_step0100__goal_cabinet__proposal_101,task03_ep003_step0100,3,libero_goal_task03_ep003_seed3,3,3,drawer,cabinet,100,101,1,150,50,2,horizon,False,0,,,,0,0,0,0,1,False,False,8.673617379884035e-19,0.12314160541733224,37,0,False,False,0.01750408862396814,0.015310629733253372,37,0,False,False,0.01750408862401672,0.25592209188587134,37,0
task03_ep003_step0100__goal_cabinet__proposal_202__continuation_0,task03_ep003_step0100__goal_cabinet__proposal_202,task03_ep003_step0100,3,libero_goal_task03_ep003_seed3,3,3,drawer,cabinet,100,202,0,150,50,2,horizon,False,0,,,,0,0,0,0,1,False,False,8.673617379884035e-19,0.12208870756714497,37,0,False,False,0.0041633570636185,0.01958387099143471,37,0,False,False,0.0041633570636185,0.2666055464720322,37,0
task03_ep003_step0100__goal_cabinet__proposal_202__continuation_1,task03_ep003_step0100__goal_cabinet__proposal_202,task03_ep003_step0100,3,libero_goal_task03_ep003_seed3,3,3,drawer,cabinet,100,202,1,150,50,2,horizon,False,0,,,,0,0,0,0,1,False,False,8.673617379884035e-19,0.12208870756714497,37,0,False,False,0.0041633570636185,0.01958387099143471,37,0,False,False,0.0041633570636185,0.2713325852687685,37,0
task03_ep003_step0100__goal_cabinet__proposal_303__continuation_0,task03_ep003_step0100__goal_cabinet__proposal_303,task03_ep003_step0100,3,libero_goal_task03_ep003_seed3,3,3,drawer,cabinet,100,303,0,69,50,1,target_success,False,1,69.0,,,1,0,0,0,1,False,False,8.673617379884035e-19,0.12284585322091854,37,0,False,False,0.20733101670111487,0.014940428411546008,23,1,False,True,0.31808758441155116,0.17293429821464432,28,1
task03_ep003_step0100__goal_cabinet__proposal_303__continuation_1,task03_ep003_step0100__goal_cabinet__proposal_303,task03_ep003_step0100,3,libero_goal_task03_ep003_seed3,3,3,drawer,cabinet,100,303,1,69,50,1,target_success,False,1,69.0,,,1,0,0,0,1,False,False,8.673617379884035e-19,0.12284585322091854,37,0,False,False,0.20733101670111487,0.014940428411546008,23,1,False,True,0.32124387399770943,0.1759166018898993,29,1
task03_ep003_step0100__goal_cabinet__proposal_404__continuation_0,task03_ep003_step0100__goal_cabinet__proposal_404,task03_ep003_step0100,3,libero_goal_task03_ep003_seed3,3,3,drawer,cabinet,100,404,0,150,50,2,horizon,False,0,,,,0,0,0,0,1,False,False,8.673617379884035e-19,0.12124869690387037,37,0,False,False,0.023896002559382033,0.015950075051331242,37,0,False,False,0.023896002559382033,0.2623624111160776,37,0
task03_ep003_step0100__goal_cabinet__proposal_404__continuation_1,task03_ep003_step0100__goal_cabinet__proposal_404,task03_ep003_step0100,3,libero_goal_task03_ep003_seed3,3,3,drawer,cabinet,100,404,1,150,50,2,horizon,False,0,,,,0,0,0,0,1,False,False,8.673617379884035e-19,0.12124869690387037,37,0,False,False,0.023896002559382033,0.015950075051331242,37,0,False,False,0.023896002559382033,0.2705011822195535,37,0
task03_ep003_step0100__goal_drawer__proposal_101__continuation_0,task03_ep003_step0100__goal_drawer__proposal_101,task03_ep003_step0100,3,libero_goal_task03_ep003_seed3,3,3,drawer,drawer,100,101,0,150,50,2,horizon,False,0,,,,0,0,0,0,1,False,False,4.336808689942018e-19,0.07611686746620985,37,0,False,False,0.02043013709171286,0.21712562363854884,24,0,False,False,0.09817414518895214,0.15060712945799626,21,0
task03_ep003_step0100__goal_drawer__proposal_101__continuation_1,task03_ep003_step0100__goal_drawer__proposal_101,task03_ep003_step0100,3,libero_goal_task03_ep003_seed3,3,3,drawer,drawer,100,101,1,150,50,2,horizon,False,0,,,,0,0,0,0,1,False,False,4.336808689942018e-19,0.07611686746620985,37,0,False,False,0.02043013709171286,0.21712562363854884,24,0,False,False,0.11484258604627948,0.17456081144270416,21,0
task03_ep003_step0100__goal_drawer__proposal_202__continuation_0,task03_ep003_step0100__goal_drawer__proposal_202,task03_ep003_step0100,3,libero_goal_task03_ep003_seed3,3,3,drawer,drawer,100,202,0,150,50,2,horizon,False,0,,,,0,0,0,0,1,False,False,2.8189256484623115e-18,0.07446272715593466,37,0,False,False,0.024921985854109353,0.21249752517793957,18,0,False,False,0.12172007478980316,0.1773108120536836,21,0
task03_ep003_step0100__goal_drawer__proposal_202__continuation_1,task03_ep003_step0100__goal_drawer__proposal_202,task03_ep003_step0100,3,libero_goal_task03_ep003_seed3,3,3,drawer,drawer,100,202,1,150,50,2,horizon,False,0,,,,0,0,0,0,1,False,False,2.8189256484623115e-18,0.07446272715593466,37,0,False,False,0.024921985854109353,0.21249752517793957,18,0,False,False,0.11625319624957114,0.18143672679744227,21,0
task03_ep003_step0100__goal_drawer__proposal_303__continuation_0,task03_ep003_step0100__goal_drawer__proposal_303,task03_ep003_step0100,3,libero_goal_task03_ep003_seed3,3,3,drawer,drawer,100,303,0,150,50,2,horizon,False,0,,,,0,0,0,0,1,False,False,0.0,0.07629063793890381,37,0,False,False,0.0239899936197444,0.21811174155758578,22,0,False,False,0.11852762017389092,0.17334030612167975,21,0
task03_ep003_step0100__goal_drawer__proposal_303__continuation_1,task03_ep003_step0100__goal_drawer__proposal_303,task03_ep003_step0100,3,libero_goal_task03_ep003_seed3,3,3,drawer,drawer,100,303,1,150,50,2,horizon,False,0,,,,0,0,0,0,1,False,False,0.0,0.07629063793890381,37,0,False,False,0.0239899936197444,0.21811174155758578,22,0,False,False,0.12333582036090622,0.17420472091769906,20,0
task03_ep003_step0100__goal_drawer__proposal_404__continuation_0,task03_ep003_step0100__goal_drawer__proposal_404,task03_ep003_step0100,3,libero_goal_task03_ep003_seed3,3,3,drawer,drawer,100,404,0,150,50,2,horizon,False,0,,,,0,0,0,0,1,False,False,6.505213034913027e-19,0.07547645492709337,38,0,False,False,0.01849506789081147,0.21204055150685294,18,0,False,False,0.106287170128269,0.1792080557104982,21,0
task03_ep003_step0100__goal_drawer__proposal_404__continuation_1,task03_ep003_step0100__goal_drawer__proposal_404,task03_ep003_step0100,3,libero_goal_task03_ep003_seed3,3,3,drawer,drawer,100,404,1,150,50,2,horizon,False,0,,,,0,0,0,0,1,False,False,6.505213034913027e-19,0.07547645492709337,38,0,False,False,0.01849506789081147,0.21204055150685294,18,0,False,False,0.10850299831868776,0.17981890766825626,21,0
task04_ep000_step0050__goal_cabinet__proposal_101__continuation_0,task04_ep000_step0050__goal_cabinet__proposal_101,task04_ep000_step0050,4,libero_goal_task04_ep000_seed0,0,0,cabinet,cabinet,50,101,0,36,36,0,target_success,True,1,36.0,36.0,,1,1,1,1,1,False,False,0.12786111822128915,0.13151946186876584,27,1,False,True,0.3109493256785435,0.3159718845187358,29,1,False,True,0.3109493256785435,0.3159718845187358,29,1
task04_ep000_step0050__goal_cabinet__proposal_101__continuation_1,task04_ep000_step0050__goal_cabinet__proposal_101,task04_ep000_step0050,4,libero_goal_task04_ep000_seed0,0,0,cabinet,cabinet,50,101,1,36,36,0,target_success,True,1,36.0,36.0,,1,1,1,1,1,False,False,0.12786111822128915,0.13151946186876584,27,1,False,True,0.3109493256785435,0.3159718845187358,29,1,False,True,0.3109493256785435,0.3159718845187358,29,1
task04_ep000_step0050__goal_cabinet__proposal_202__continuation_0,task04_ep000_step0050__goal_cabinet__proposal_202,task04_ep000_step0050,4,libero_goal_task04_ep000_seed0,0,0,cabinet,cabinet,50,202,0,37,37,0,target_success,True,1,37.0,37.0,,1,1,1,1,1,False,False,0.12726780569238577,0.1309727781811059,27,1,False,True,0.3100563916339441,0.31235836674601103,26,0,False,True,0.3100563916339441,0.31235836674601103,26,0
task04_ep000_step0050__goal_cabinet__proposal_202__continuation_1,task04_ep000_step0050__goal_cabinet__proposal_202,task04_ep000_step0050,4,libero_goal_task04_ep000_seed0,0,0,cabinet,cabinet,50,202,1,37,37,0,target_success,True,1,37.0,37.0,,1,1,1,1,1,False,False,0.12726780569238577,0.1309727781811059,27,1,False,True,0.3100563916339441,0.31235836674601103,26,0,False,True,0.3100563916339441,0.31235836674601103,26,0
task04_ep000_step0050__goal_cabinet__proposal_303__continuation_0,task04_ep000_step0050__goal_cabinet__proposal_303,task04_ep000_step0050,4,libero_goal_task04_ep000_seed0,0,0,cabinet,cabinet,50,303,0,36,36,0,target_success,True,1,36.0,36.0,,1,1,1,1,1,False,False,0.12807753717526493,0.13165498610424883,27,1,False,True,0.31266859901454835,0.31877838940824177,28,1,False,True,0.31266859901454835,0.31877838940824177,28,1
task04_ep000_step0050__goal_cabinet__proposal_303__continuation_1,task04_ep000_step0050__goal_cabinet__proposal_303,task04_ep000_step0050,4,libero_goal_task04_ep000_seed0,0,0,cabinet,cabinet,50,303,1,36,36,0,target_success,True,1,36.0,36.0,,1,1,1,1,1,False,False,0.12807753717526493,0.13165498610424883,27,1,False,True,0.31266859901454835,0.31877838940824177,28,1,False,True,0.31266859901454835,0.31877838940824177,28,1
task04_ep000_step0050__goal_cabinet__proposal_404__continuation_0,task04_ep000_step0050__goal_cabinet__proposal_404,task04_ep000_step0050,4,libero_goal_task04_ep000_seed0,0,0,cabinet,cabinet,50,404,0,38,38,0,target_success,True,1,38.0,38.0,,1,1,1,1,1,False,False,0.1282244377735203,0.13190464476707853,27,1,False,True,0.3119804195165838,0.31196616371667785,29,0,False,True,0.3119804195165838,0.31196616371667785,29,0
task04_ep000_step0050__goal_cabinet__proposal_404__continuation_1,task04_ep000_step0050__goal_cabinet__proposal_404,task04_ep000_step0050,4,libero_goal_task04_ep000_seed0,0,0,cabinet,cabinet,50,404,1,38,38,0,target_success,True,1,38.0,38.0,,1,1,1,1,1,False,False,0.1282244377735203,0.13190464476707853,27,1,False,True,0.3119804195165838,0.31196616371667785,29,0,False,True,0.3119804195165838,0.31196616371667785,29,0
task04_ep000_step0050__goal_drawer__proposal_101__continuation_0,task04_ep000_step0050__goal_drawer__proposal_101,task04_ep000_step0050,4,libero_goal_task04_ep000_seed0,0,0,cabinet,drawer,50,101,0,150,50,2,horizon,False,0,,,,0,0,0,0,1,False,False,0.11205267822764171,0.11788310781849659,27,1,False,False,0.23362707493788107,0.2680867240894004,20,0,False,False,0.1689167996225411,0.107808623712554,20,0
task04_ep000_step0050__goal_drawer__proposal_101__continuation_1,task04_ep000_step0050__goal_drawer__proposal_101,task04_ep000_step0050,4,libero_goal_task04_ep000_seed0,0,0,cabinet,drawer,50,101,1,150,50,2,horizon,False,0,,,,0,0,0,0,1,False,False,0.11205267822764171,0.11788310781849659,27,1,False,False,0.23362707493788107,0.2680867240894004,20,0,False,False,0.16502207056352766,0.12830930105829155,20,0
task04_ep000_step0050__goal_drawer__proposal_202__continuation_0,task04_ep000_step0050__goal_drawer__proposal_202,task04_ep000_step0050,4,libero_goal_task04_ep000_seed0,0,0,cabinet,drawer,50,202,0,150,50,2,horizon,False,0,,,,0,0,0,0,1,False,False,0.11183352359220171,0.1176950281366171,27,1,False,False,0.21415801769908135,0.25867296848863724,23,0,False,False,0.16635201537455135,0.1806601402276559,20,0
task04_ep000_step0050__goal_drawer__proposal_202__continuation_1,task04_ep000_step0050__goal_drawer__proposal_202,task04_ep000_step0050,4,libero_goal_task04_ep000_seed0,0,0,cabinet,drawer,50,202,1,150,50,2,horizon,False,0,,,,0,0,0,0,1,False,False,0.11183352359220171,0.1176950281366171,27,1,False,False,0.21415801769908135,0.25867296848863724,23,0,False,False,0.16635201537455135,0.1748381547077102,20,0
task04_ep000_step0050__goal_drawer__proposal_303__continuation_0,task04_ep000_step0050__goal_drawer__proposal_303,task04_ep000_step0050,4,libero_goal_task04_ep000_seed0,0,0,cabinet,drawer,50,303,0,150,50,2,horizon,False,0,,,,0,0,0,0,1,False,False,0.11186657666740371,0.11767890413297427,27,1,False,False,0.23412569515202633,0.26559274205198335,20,0,False,False,0.1649034630003134,0.1877451314615947,20,0
task04_ep000_step0050__goal_drawer__proposal_303__continuation_1,task04_ep000_step0050__goal_drawer__proposal_303,task04_ep000_step0050,4,libero_goal_task04_ep000_seed0,0,0,cabinet,drawer,50,303,1,150,50,2,horizon,False,0,,,,0,0,0,0,1,False,False,0.11186657666740371,0.11767890413297427,27,1,False,False,0.23412569515202633,0.26559274205198335,20,0,False,False,0.16593546764171271,0.16115134730269598,20,0
task04_ep000_step0050__goal_drawer__proposal_404__continuation_0,task04_ep000_step0050__goal_drawer__proposal_404,task04_ep000_step0050,4,libero_goal_task04_ep000_seed0,0,0,cabinet,drawer,50,404,0,150,50,2,horizon,False,0,,,,0,0,0,0,1,False,False,0.11241795526639059,0.1182899657721445,27,1,False,False,0.21596804973163472,0.2611899140876994,23,0,False,False,0.1624918459167913,0.26798409275038537,20,0
task04_ep000_step0050__goal_drawer__proposal_404__continuation_1,task04_ep000_step0050__goal_drawer__proposal_404,task04_ep000_step0050,4,libero_goal_task04_ep000_seed0,0,0,cabinet,drawer,50,404,1,150,50,2,horizon,False,0,,,,0,0,0,0,1,False,False,0.11241795526639059,0.1182899657721445,27,1,False,False,0.21596804973163472,0.2611899140876994,23,0,False,False,0.1624918459167913,0.26698590595154553,20,0
task04_ep001_step0050__goal_cabinet__proposal_101__continuation_0,task04_ep001_step0050__goal_cabinet__proposal_101,task04_ep001_step0050,4,libero_goal_task04_ep001_seed1,1,1,cabinet,cabinet,50,101,0,29,29,0,target_success,True,1,29.0,29.0,,1,1,1,1,1,False,False,0.13645376919484614,0.13886394226947696,24,0,False,True,0.2644302279802932,0.2752765805073892,28,0,False,True,0.2644302279802932,0.2752765805073892,28,0
task04_ep001_step0050__goal_cabinet__proposal_101__continuation_1,task04_ep001_step0050__goal_cabinet__proposal_101,task04_ep001_step0050,4,libero_goal_task04_ep001_seed1,1,1,cabinet,cabinet,50,101,1,29,29,0,target_success,True,1,29.0,29.0,,1,1,1,1,1,False,False,0.13645376919484614,0.13886394226947696,24,0,False,True,0.2644302279802932,0.2752765805073892,28,0,False,True,0.2644302279802932,0.2752765805073892,28,0
task04_ep001_step0050__goal_cabinet__proposal_202__continuation_0,task04_ep001_step0050__goal_cabinet__proposal_202,task04_ep001_step0050,4,libero_goal_task04_ep001_seed1,1,1,cabinet,cabinet,50,202,0,29,29,0,target_success,True,1,29.0,29.0,,1,1,1,1,1,False,False,0.13623354466882492,0.138666064595383,24,0,False,True,0.26110372343913585,0.27178415449038834,28,0,False,True,0.26110372343913585,0.27178415449038834,28,0
task04_ep001_step0050__goal_cabinet__proposal_202__continuation_1,task04_ep001_step0050__goal_cabinet__proposal_202,task04_ep001_step0050,4,libero_goal_task04_ep001_seed1,1,1,cabinet,cabinet,50,202,1,29,29,0,target_success,True,1,29.0,29.0,,1,1,1,1,1,False,False,0.13623354466882492,0.138666064595383,24,0,False,True,0.26110372343913585,0.27178415449038834,28,0,False,True,0.26110372343913585,0.27178415449038834,28,0
task04_ep001_step0050__goal_cabinet__proposal_303__continuation_0,task04_ep001_step0050__goal_cabinet__proposal_303,task04_ep001_step0050,4,libero_goal_task04_ep001_seed1,1,1,cabinet,cabinet,50,303,0,29,29,0,target_success,True,1,29.0,29.0,,1,1,1,1,1,False,False,0.1366903703572816,0.139012767441463,24,0,False,True,0.26472087212761447,0.2756081706967797,28,0,False,True,0.26472087212761447,0.2756081706967797,28,0
task04_ep001_step0050__goal_cabinet__proposal_303__continuation_1,task04_ep001_step0050__goal_cabinet__proposal_303,task04_ep001_step0050,4,libero_goal_task04_ep001_seed1,1,1,cabinet,cabinet,50,303,1,29,29,0,target_success,True,1,29.0,29.0,,1,1,1,1,1,False,False,0.1366903703572816,0.139012767441463,24,0,False,True,0.26472087212761447,0.2756081706967797,28,0,False,True,0.26472087212761447,0.2756081706967797,28,0
task04_ep001_step0050__goal_cabinet__proposal_404__continuation_0,task04_ep001_step0050__goal_cabinet__proposal_404,task04_ep001_step0050,4,libero_goal_task04_ep001_seed1,1,1,cabinet,cabinet,50,404,0,29,29,0,target_success,True,1,29.0,29.0,,1,1,1,1,1,False,False,0.13719646671488986,0.13966029800966512,24,0,False,True,0.26583738430629567,0.27665044113628573,27,0,False,True,0.26583738430629567,0.27665044113628573,27,0
task04_ep001_step0050__goal_cabinet__proposal_404__continuation_1,task04_ep001_step0050__goal_cabinet__proposal_404,task04_ep001_step0050,4,libero_goal_task04_ep001_seed1,1,1,cabinet,cabinet,50,404,1,29,29,0,target_success,True,1,29.0,29.0,,1,1,1,1,1,False,False,0.13719646671488986,0.13966029800966512,24,0,False,True,0.26583738430629567,0.27665044113628573,27,0,False,True,0.26583738430629567,0.27665044113628573,27,0
task04_ep001_step0050__goal_drawer__proposal_101__continuation_0,task04_ep001_step0050__goal_drawer__proposal_101,task04_ep001_step0050,4,libero_goal_task04_ep001_seed1,1,1,cabinet,drawer,50,101,0,150,50,2,horizon,False,0,,,,0,0,0,0,1,False,False,0.11533095219243074,0.11880964223355886,24,0,False,False,0.15190350572758274,0.24605198838887715,17,0,False,False,0.17752372610129563,0.15548720885791165,21,0
task04_ep001_step0050__goal_drawer__proposal_101__continuation_1,task04_ep001_step0050__goal_drawer__proposal_101,task04_ep001_step0050,4,libero_goal_task04_ep001_seed1,1,1,cabinet,drawer,50,101,1,150,50,2,horizon,False,0,,,,0,0,0,0,1,False,False,0.11533095219243074,0.11880964223355886,24,0,False,False,0.15190350572758274,0.24605198838887715,17,0,False,False,0.1775237265196253,0.20905529175555998,25,0
task04_ep001_step0050__goal_drawer__proposal_202__continuation_0,task04_ep001_step0050__goal_drawer__proposal_202,task04_ep001_step0050,4,libero_goal_task04_ep001_seed1,1,1,cabinet,drawer,50,202,0,150,50,2,horizon,False,0,,,,0,0,0,0,1,False,False,0.11540002069758096,0.1188375253687553,24,0,False,False,0.15012356462831766,0.24038918350146132,17,0,False,False,0.17629162535650666,0.15022684802632005,20,0
task04_ep001_step0050__goal_drawer__proposal_202__continuation_1,task04_ep001_step0050__goal_drawer__proposal_202,task04_ep001_step0050,4,libero_goal_task04_ep001_seed1,1,1,cabinet,drawer,50,202,1,150,50,2,horizon,False,0,,,,0,0,0,0,1,False,False,0.11540002069758096,0.1188375253687553,24,0,False,False,0.15012356462831766,0.24038918350146132,17,0,False,False,0.17629162626389,0.18232126744121172,20,0
task04_ep001_step0050__goal_drawer__proposal_303__continuation_0,task04_ep001_step0050__goal_drawer__proposal_303,task04_ep001_step0050,4,libero_goal_task04_ep001_seed1,1,1,cabinet,drawer,50,303,0,150,50,2,horizon,False,0,,,,0,0,0,0,1,False,False,0.11526982004163618,0.1186091021144186,24,0,False,False,0.1561884340130921,0.24207722759379743,17,0,False,False,0.1759046601829857,0.2122015978023323,25,0
task04_ep001_step0050__goal_drawer__proposal_303__continuation_1,task04_ep001_step0050__goal_drawer__proposal_303,task04_ep001_step0050,4,libero_goal_task04_ep001_seed1,1,1,cabinet,drawer,50,303,1,150,50,2,horizon,False,0,,,,0,0,0,0,1,False,False,0.11526982004163618,0.1186091021144186,24,0,False,False,0.1561884340130921,0.24207722759379743,17,0,False,False,0.17590466018298664,0.22916937897945058,25,0
task04_ep001_step0050__goal_drawer__proposal_404__continuation_0,task04_ep001_step0050__goal_drawer__proposal_404,task04_ep001_step0050,4,libero_goal_task04_ep001_seed1,1,1,cabinet,drawer,50,404,0,150,50,2,horizon,False,0,,,,0,0,0,0,1,False,False,0.11601789239688065,0.11950970416244891,24,0,False,False,0.1578145662730106,0.24271325266375626,17,0,False,False,0.17608217377393826,0.15584829166407518,20,0
task04_ep001_step0050__goal_drawer__proposal_404__continuation_1,task04_ep001_step0050__goal_drawer__proposal_404,task04_ep001_step0050,4,libero_goal_task04_ep001_seed1,1,1,cabinet,drawer,50,404,1,150,50,2,horizon,False,0,,,,0,0,0,0,1,False,False,0.11601789239688065,0.11950970416244891,24,0,False,False,0.1578145662730106,0.24271325266375626,17,0,False,False,0.17608217372933782,0.16255880836222536,20,0
task04_ep002_step0050__goal_cabinet__proposal_101__continuation_0,task04_ep002_step0050__goal_cabinet__proposal_101,task04_ep002_step0050,4,libero_goal_task04_ep002_seed2,2,2,cabinet,cabinet,50,101,0,36,36,0,target_success,True,1,36.0,36.0,,1,1,1,1,1,False,False,0.12783103617725933,0.12751614130553962,30,1,False,True,0.3114959013211362,0.30765631824122613,26,0,False,True,0.3114959013211362,0.30765631824122613,26,0
task04_ep002_step0050__goal_cabinet__proposal_101__continuation_1,task04_ep002_step0050__goal_cabinet__proposal_101,task04_ep002_step0050,4,libero_goal_task04_ep002_seed2,2,2,cabinet,cabinet,50,101,1,36,36,0,target_success,True,1,36.0,36.0,,1,1,1,1,1,False,False,0.12783103617725933,0.12751614130553962,30,1,False,True,0.3114959013211362,0.30765631824122613,26,0,False,True,0.3114959013211362,0.30765631824122613,26,0
task04_ep002_step0050__goal_cabinet__proposal_202__continuation_0,task04_ep002_step0050__goal_cabinet__proposal_202,task04_ep002_step0050,4,libero_goal_task04_ep002_seed2,2,2,cabinet,cabinet,50,202,0,36,36,0,target_success,True,1,36.0,36.0,,1,1,1,1,1,False,False,0.12709190514127405,0.12676770846830196,30,1,False,True,0.31037517292458916,0.3076055311989924,27,0,False,True,0.31037517292458916,0.3076055311989924,27,0
task04_ep002_step0050__goal_cabinet__proposal_202__continuation_1,task04_ep002_step0050__goal_cabinet__proposal_202,task04_ep002_step0050,4,libero_goal_task04_ep002_seed2,2,2,cabinet,cabinet,50,202,1,36,36,0,target_success,True,1,36.0,36.0,,1,1,1,1,1,False,False,0.12709190514127405,0.12676770846830196,30,1,False,True,0.31037517292458916,0.3076055311989924,27,0,False,True,0.31037517292458916,0.3076055311989924,27,0
task04_ep002_step0050__goal_cabinet__proposal_303__continuation_0,task04_ep002_step0050__goal_cabinet__proposal_303,task04_ep002_step0050,4,libero_goal_task04_ep002_seed2,2,2,cabinet,cabinet,50,303,0,36,36,0,target_success,True,1,36.0,36.0,,1,1,1,1,1,False,False,0.12790165428153807,0.12753753523984118,30,1,False,True,0.3128537047108355,0.30997735154725087,27,0,False,True,0.3128537047108355,0.30997735154725087,27,0
task04_ep002_step0050__goal_cabinet__proposal_303__continuation_1,task04_ep002_step0050__goal_cabinet__proposal_303,task04_ep002_step0050,4,libero_goal_task04_ep002_seed2,2,2,cabinet,cabinet,50,303,1,36,36,0,target_success,True,1,36.0,36.0,,1,1,1,1,1,False,False,0.12790165428153807,0.12753753523984118,30,1,False,True,0.3128537047108355,0.30997735154725087,27,0,False,True,0.3128537047108355,0.30997735154725087,27,0
task04_ep002_step0050__goal_cabinet__proposal_404__continuation_0,task04_ep002_step0050__goal_cabinet__proposal_404,task04_ep002_step0050,4,libero_goal_task04_ep002_seed2,2,2,cabinet,cabinet,50,404,0,35,35,0,target_success,True,1,35.0,35.0,,1,1,1,1,1,False,False,0.1281528910220749,0.12780673731766587,30,1,False,True,0.31211048701814803,0.31525540210355907,26,1,False,True,0.31211048701814803,0.31525540210355907,26,1
task04_ep002_step0050__goal_cabinet__proposal_404__continuation_1,task04_ep002_step0050__goal_cabinet__proposal_404,task04_ep002_step0050,4,libero_goal_task04_ep002_seed2,2,2,cabinet,cabinet,50,404,1,35,35,0,target_success,True,1,35.0,35.0,,1,1,1,1,1,False,False,0.1281528910220749,0.12780673731766587,30,1,False,True,0.31211048701814803,0.31525540210355907,26,1,False,True,0.31211048701814803,0.31525540210355907,26,1
task04_ep002_step0050__goal_drawer__proposal_101__continuation_0,task04_ep002_step0050__goal_drawer__proposal_101,task04_ep002_step0050,4,libero_goal_task04_ep002_seed2,2,2,cabinet,drawer,50,101,0,150,50,2,horizon,False,0,,,,0,0,0,0,1,False,False,0.11504143482183445,0.11501463947785574,30,1,False,False,0.22936449344148288,0.25041794749138346,22,0,False,False,0.1773295931339353,0.19370872323371585,21,0
task04_ep002_step0050__goal_drawer__proposal_101__continuation_1,task04_ep002_step0050__goal_drawer__proposal_101,task04_ep002_step0050,4,libero_goal_task04_ep002_seed2,2,2,cabinet,drawer,50,101,1,150,50,2,horizon,False,0,,,,0,0,0,0,1,False,False,0.11504143482183445,0.11501463947785574,30,1,False,False,0.22936449344148288,0.25041794749138346,22,0,False,False,0.17640036610142215,0.16556942980328046,21,0
task04_ep002_step0050__goal_drawer__proposal_202__continuation_0,task04_ep002_step0050__goal_drawer__proposal_202,task04_ep002_step0050,4,libero_goal_task04_ep002_seed2,2,2,cabinet,drawer,50,202,0,150,50,2,horizon,False,0,,,,0,0,0,0,1,False,False,0.1147623872327139,0.11469111431021116,30,1,False,False,0.226076711773765,0.2434278379937741,23,0,False,False,0.20865266402553254,0.24920116824403907,17,0
task04_ep002_step0050__goal_drawer__proposal_202__continuation_1,task04_ep002_step0050__goal_drawer__proposal_202,task04_ep002_step0050,4,libero_goal_task04_ep002_seed2,2,2,cabinet,drawer,50,202,1,150,50,2,horizon,False,0,,,,0,0,0,0,1,False,False,0.1147623872327139,0.11469111431021116,30,1,False,False,0.226076711773765,0.2434278379937741,23,0,False,False,0.11576627858734323,0.10796455225878394,21,0
task04_ep002_step0050__goal_drawer__proposal_303__continuation_0,task04_ep002_step0050__goal_drawer__proposal_303,task04_ep002_step0050,4,libero_goal_task04_ep002_seed2,2,2,cabinet,drawer,50,303,0,150,50,2,horizon,False,0,,,,0,0,0,0,1,False,False,0.11459481419241031,0.11454222388460784,30,1,False,False,0.23005958237107155,0.2463864411421855,20,0,False,False,0.16297516451994187,0.17636995801861702,20,0
task04_ep002_step0050__goal_drawer__proposal_303__continuation_1,task04_ep002_step0050__goal_drawer__proposal_303,task04_ep002_step0050,4,libero_goal_task04_ep002_seed2,2,2,cabinet,drawer,50,303,1,150,50,2,horizon,False,0,,,,0,0,0,0,1,False,False,0.11459481419241031,0.11454222388460784,30,1,False,False,0.23005958237107155,0.2463864411421855,20,0,False,False,0.15699308248387508,0.15401674570493365,20,0
task04_ep002_step0050__goal_drawer__proposal_404__continuation_0,task04_ep002_step0050__goal_drawer__proposal_404,task04_ep002_step0050,4,libero_goal_task04_ep002_seed2,2,2,cabinet,drawer,50,404,0,150,50,2,horizon,False,0,,,,0,0,0,0,1,False,False,0.11552423454283824,0.11547350857157015,30,1,False,False,0.22969117394649655,0.2464402736134992,21,0,False,False,0.16248013585697516,0.14049803406714378,20,0
task04_ep002_step0050__goal_drawer__proposal_404__continuation_1,task04_ep002_step0050__goal_drawer__proposal_404,task04_ep002_step0050,4,libero_goal_task04_ep002_seed2,2,2,cabinet,drawer,50,404,1,150,50,2,horizon,False,0,,,,0,0,0,0,1,False,False,0.11552423454283824,0.11547350857157015,30,1,False,False,0.22969117394649655,0.2464402736134992,21,0,False,False,0.19697815301484503,0.18896233881784774,20,0
task04_ep003_step0050__goal_cabinet__proposal_101__continuation_0,task04_ep003_step0050__goal_cabinet__proposal_101,task04_ep003_step0050,4,libero_goal_task04_ep003_seed3,3,3,cabinet,cabinet,50,101,0,34,34,0,target_success,True,1,34.0,34.0,,1,1,1,1,1,False,False,0.13591670025263877,0.1351928375415382,28,1,False,True,0.2977453738028446,0.2905795922043506,32,0,False,True,0.2977453738028446,0.2905795922043506,32,0
task04_ep003_step0050__goal_cabinet__proposal_101__continuation_1,task04_ep003_step0050__goal_cabinet__proposal_101,task04_ep003_step0050,4,libero_goal_task04_ep003_seed3,3,3,cabinet,cabinet,50,101,1,34,34,0,target_success,True,1,34.0,34.0,,1,1,1,1,1,False,False,0.13591670025263877,0.1351928375415382,28,1,False,True,0.2977453738028446,0.2905795922043506,32,0,False,True,0.2977453738028446,0.2905795922043506,32,0
task04_ep003_step0050__goal_cabinet__proposal_202__continuation_0,task04_ep003_step0050__goal_cabinet__proposal_202,task04_ep003_step0050,4,libero_goal_task04_ep003_seed3,3,3,cabinet,cabinet,50,202,0,34,34,0,target_success,True,1,34.0,34.0,,1,1,1,1,1,False,False,0.1355924888292356,0.13483497965578042,28,1,False,True,0.29648104829079813,0.28929016302417143,31,0,False,True,0.29648104829079813,0.28929016302417143,31,0
task04_ep003_step0050__goal_cabinet__proposal_202__continuation_1,task04_ep003_step0050__goal_cabinet__proposal_202,task04_ep003_step0050,4,libero_goal_task04_ep003_seed3,3,3,cabinet,cabinet,50,202,1,34,34,0,target_success,True,1,34.0,34.0,,1,1,1,1,1,False,False,0.1355924888292356,0.13483497965578042,28,1,False,True,0.29648104829079813,0.28929016302417143,31,0,False,True,0.29648104829079813,0.28929016302417143,31,0
task04_ep003_step0050__goal_cabinet__proposal_303__continuation_0,task04_ep003_step0050__goal_cabinet__proposal_303,task04_ep003_step0050,4,libero_goal_task04_ep003_seed3,3,3,cabinet,cabinet,50,303,0,32,32,0,target_success,True,1,32.0,32.0,,1,1,1,1,1,False,False,0.1360879720651244,0.13530484575324475,28,1,False,True,0.2991842784525187,0.30219092704823763,30,0,False,True,0.2991842784525187,0.30219092704823763,30,0
task04_ep003_step0050__goal_cabinet__proposal_303__continuation_1,task04_ep003_step0050__goal_cabinet__proposal_303,task04_ep003_step0050,4,libero_goal_task04_ep003_seed3,3,3,cabinet,cabinet,50,303,1,32,32,0,target_success,True,1,32.0,32.0,,1,1,1,1,1,False,False,0.1360879720651244,0.13530484575324475,28,1,False,True,0.2991842784525187,0.30219092704823763,30,0,False,True,0.2991842784525187,0.30219092704823763,30,0
task04_ep003_step0050__goal_cabinet__proposal_404__continuation_0,task04_ep003_step0050__goal_cabinet__proposal_404,task04_ep003_step0050,4,libero_goal_task04_ep003_seed3,3,3,cabinet,cabinet,50,404,0,32,32,0,target_success,True,1,32.0,32.0,,1,1,1,1,1,False,False,0.13611110830674597,0.13534249650039865,28,1,False,True,0.29812607301462407,0.3010258528309529,30,0,False,True,0.29812607301462407,0.3010258528309529,30,0
task04_ep003_step0050__goal_cabinet__proposal_404__continuation_1,task04_ep003_step0050__goal_cabinet__proposal_404,task04_ep003_step0050,4,libero_goal_task04_ep003_seed3,3,3,cabinet,cabinet,50,404,1,32,32,0,target_success,True,1,32.0,32.0,,1,1,1,1,1,False,False,0.13611110830674597,0.13534249650039865,28,1,False,True,0.29812607301462407,0.3010258528309529,30,0,False,True,0.29812607301462407,0.3010258528309529,30,0
task04_ep003_step0050__goal_drawer__proposal_101__continuation_0,task04_ep003_step0050__goal_drawer__proposal_101,task04_ep003_step0050,4,libero_goal_task04_ep003_seed3,3,3,cabinet,drawer,50,101,0,150,50,2,horizon,False,0,,,,0,0,0,0,1,False,False,0.12270015636599134,0.12260887719704673,28,1,False,False,0.21221836606650302,0.24575840238245264,23,0,False,False,0.15652474862213334,0.08985440040446493,12,0
task04_ep003_step0050__goal_drawer__proposal_101__continuation_1,task04_ep003_step0050__goal_drawer__proposal_101,task04_ep003_step0050,4,libero_goal_task04_ep003_seed3,3,3,cabinet,drawer,50,101,1,150,50,2,horizon,False,0,,,,0,0,0,0,1,False,False,0.12270015636599134,0.12260887719704673,28,1,False,False,0.21221836606650302,0.24575840238245264,23,0,False,False,0.1721628419331531,0.1543762874178409,20,0
task04_ep003_step0050__goal_drawer__proposal_202__continuation_0,task04_ep003_step0050__goal_drawer__proposal_202,task04_ep003_step0050,4,libero_goal_task04_ep003_seed3,3,3,cabinet,drawer,50,202,0,150,50,2,horizon,False,0,,,,0,0,0,0,1,False,False,0.12296664669959893,0.12276687346941323,28,1,False,False,0.20926249278575884,0.24107833483732877,19,0,False,False,0.17041667547212785,0.0914667154607323,19,0
task04_ep003_step0050__goal_drawer__proposal_202__continuation_1,task04_ep003_step0050__goal_drawer__proposal_202,task04_ep003_step0050,4,libero_goal_task04_ep003_seed3,3,3,cabinet,drawer,50,202,1,150,50,2,horizon,False,0,,,,0,0,0,0,1,False,False,0.12296664669959893,0.12276687346941323,28,1,False,False,0.20926249278575884,0.24107833483732877,19,0,False,False,0.17055874086319478,0.12908460902578742,20,0
task04_ep003_step0050__goal_drawer__proposal_303__continuation_0,task04_ep003_step0050__goal_drawer__proposal_303,task04_ep003_step0050,4,libero_goal_task04_ep003_seed3,3,3,cabinet,drawer,50,303,0,150,50,2,horizon,False,0,,,,0,0,0,0,1,False,False,0.12238547157493042,0.12222428840333274,28,1,False,False,0.21224495173762303,0.24118690231430995,23,0,False,False,0.1331066286213836,0.13768788565321713,21,0
task04_ep003_step0050__goal_drawer__proposal_303__continuation_1,task04_ep003_step0050__goal_drawer__proposal_303,task04_ep003_step0050,4,libero_goal_task04_ep003_seed3,3,3,cabinet,drawer,50,303,1,150,50,2,horizon,False,0,,,,0,0,0,0,1,False,False,0.12238547157493042,0.12222428840333274,28,1,False,False,0.21224495173762303,0.24118690231430995,23,0,False,False,0.1346315476846771,0.12706314766584106,20,0
task04_ep003_step0050__goal_drawer__proposal_404__continuation_0,task04_ep003_step0050__goal_drawer__proposal_404,task04_ep003_step0050,4,libero_goal_task04_ep003_seed3,3,3,cabinet,drawer,50,404,0,150,50,2,horizon,False,0,,,,0,0,0,0,1,False,False,0.12304724138776436,0.1229442436938687,28,1,False,False,0.21223675038911002,0.24245133901624166,18,0,False,False,0.15614512721166174,0.059472921772685046,18,0
task04_ep003_step0050__goal_drawer__proposal_404__continuation_1,task04_ep003_step0050__goal_drawer__proposal_404,task04_ep003_step0050,4,libero_goal_task04_ep003_seed3,3,3,cabinet,drawer,50,404,1,150,50,2,horizon,False,0,,,,0,0,0,0,1,False,False,0.12304724138776436,0.1229442436938687,28,1,False,False,0.21223675038911002,0.24245133901624166,18,0,False,False,0.14799243275801502,0.057953459189010854,18,0
task04_ep004_step0050__goal_cabinet__proposal_101__continuation_0,task04_ep004_step0050__goal_cabinet__proposal_101,task04_ep004_step0050,4,libero_goal_task04_ep004_seed4,4,4,cabinet,cabinet,50,101,0,35,35,0,target_success,True,1,35.0,35.0,,1,1,1,1,1,False,False,0.1329924968165528,0.13241012972627766,28,1,False,True,0.27299447190960074,0.27894969972131595,28,0,False,True,0.27299447190960074,0.27894969972131595,28,0
task04_ep004_step0050__goal_cabinet__proposal_101__continuation_1,task04_ep004_step0050__goal_cabinet__proposal_101,task04_ep004_step0050,4,libero_goal_task04_ep004_seed4,4,4,cabinet,cabinet,50,101,1,35,35,0,target_success,True,1,35.0,35.0,,1,1,1,1,1,False,False,0.1329924968165528,0.13241012972627766,28,1,False,True,0.27299447190960074,0.27894969972131595,28,0,False,True,0.27299447190960074,0.27894969972131595,28,0
task04_ep004_step0050__goal_cabinet__proposal_202__continuation_0,task04_ep004_step0050__goal_cabinet__proposal_202,task04_ep004_step0050,4,libero_goal_task04_ep004_seed4,4,4,cabinet,cabinet,50,202,0,34,34,0,target_success,True,1,34.0,34.0,,1,1,1,1,1,False,False,0.13253970833213433,0.1320123576891872,28,1,False,True,0.26907231167030055,0.27721853616875,24,0,False,True,0.26907231167030055,0.27721853616875,24,0
task04_ep004_step0050__goal_cabinet__proposal_202__continuation_1,task04_ep004_step0050__goal_cabinet__proposal_202,task04_ep004_step0050,4,libero_goal_task04_ep004_seed4,4,4,cabinet,cabinet,50,202,1,34,34,0,target_success,True,1,34.0,34.0,,1,1,1,1,1,False,False,0.13253970833213433,0.1320123576891872,28,1,False,True,0.26907231167030055,0.27721853616875,24,0,False,True,0.26907231167030055,0.27721853616875,24,0
task04_ep004_step0050__goal_cabinet__proposal_303__continuation_0,task04_ep004_step0050__goal_cabinet__proposal_303,task04_ep004_step0050,4,libero_goal_task04_ep004_seed4,4,4,cabinet,cabinet,50,303,0,34,34,0,target_success,True,1,34.0,34.0,,1,1,1,1,1,False,False,0.133176294236023,0.13257856595640727,28,1,False,True,0.2746723378975439,0.28319043966185625,26,1,False,True,0.2746723378975439,0.28319043966185625,26,1
task04_ep004_step0050__goal_cabinet__proposal_303__continuation_1,task04_ep004_step0050__goal_cabinet__proposal_303,task04_ep004_step0050,4,libero_goal_task04_ep004_seed4,4,4,cabinet,cabinet,50,303,1,34,34,0,target_success,True,1,34.0,34.0,,1,1,1,1,1,False,False,0.133176294236023,0.13257856595640727,28,1,False,True,0.2746723378975439,0.28319043966185625,26,1,False,True,0.2746723378975439,0.28319043966185625,26,1
task04_ep004_step0050__goal_cabinet__proposal_404__continuation_0,task04_ep004_step0050__goal_cabinet__proposal_404,task04_ep004_step0050,4,libero_goal_task04_ep004_seed4,4,4,cabinet,cabinet,50,404,0,34,34,0,target_success,True,1,34.0,34.0,,1,1,1,1,1,False,False,0.13305530092724896,0.13255155308808794,28,1,False,True,0.27168195211025864,0.28174824432834306,27,1,False,True,0.27168195211025864,0.28174824432834306,27,1
task04_ep004_step0050__goal_cabinet__proposal_404__continuation_1,task04_ep004_step0050__goal_cabinet__proposal_404,task04_ep004_step0050,4,libero_goal_task04_ep004_seed4,4,4,cabinet,cabinet,50,404,1,34,34,0,target_success,True,1,34.0,34.0,,1,1,1,1,1,False,False,0.13305530092724896,0.13255155308808794,28,1,False,True,0.27168195211025864,0.28174824432834306,27,1,False,True,0.27168195211025864,0.28174824432834306,27,1
task04_ep004_step0050__goal_drawer__proposal_101__continuation_0,task04_ep004_step0050__goal_drawer__proposal_101,task04_ep004_step0050,4,libero_goal_task04_ep004_seed4,4,4,cabinet,drawer,50,101,0,150,50,2,horizon,False,0,,,,0,0,0,0,1,False,False,0.11544439625743316,0.11667368410626669,28,1,False,False,0.1551449402606897,0.22688356822896988,8,0,False,False,0.17268553617354443,0.15391582152863176,27,0
task04_ep004_step0050__goal_drawer__proposal_101__continuation_1,task04_ep004_step0050__goal_drawer__proposal_101,task04_ep004_step0050,4,libero_goal_task04_ep004_seed4,4,4,cabinet,drawer,50,101,1,150,50,2,horizon,False,0,,,,0,0,0,0,1,False,False,0.11544439625743316,0.11667368410626669,28,1,False,False,0.1551449402606897,0.22688356822896988,8,0,False,False,0.20056464267400512,0.18016914728766933,27,0
task04_ep004_step0050__goal_drawer__proposal_202__continuation_0,task04_ep004_step0050__goal_drawer__proposal_202,task04_ep004_step0050,4,libero_goal_task04_ep004_seed4,4,4,cabinet,drawer,50,202,0,150,50,2,horizon,False,0,,,,0,0,0,0,1,False,False,0.11533758558188675,0.11660785208928484,28,1,False,False,0.15629631592014445,0.221924542627283,19,0,False,False,0.15793695002880923,0.17099962857338166,21,0
task04_ep004_step0050__goal_drawer__proposal_202__continuation_1,task04_ep004_step0050__goal_drawer__proposal_202,task04_ep004_step0050,4,libero_goal_task04_ep004_seed4,4,4,cabinet,drawer,50,202,1,150,50,2,horizon,False,0,,,,0,0,0,0,1,False,False,0.11533758558188675,0.11660785208928484,28,1,False,False,0.15629631592014445,0.221924542627283,19,0,False,False,0.1579369840622916,0.25651483731225616,21,0
task04_ep004_step0050__goal_drawer__proposal_303__continuation_0,task04_ep004_step0050__goal_drawer__proposal_303,task04_ep004_step0050,4,libero_goal_task04_ep004_seed4,4,4,cabinet,drawer,50,303,0,150,50,2,horizon,False,0,,,,0,0,0,0,1,False,False,0.11533064787225365,0.11654657163516208,28,1,False,False,0.16327286018741963,0.22274720017330468,12,0,False,False,0.1540436045322026,0.20179413957689435,27,0
task04_ep004_step0050__goal_drawer__proposal_303__continuation_1,task04_ep004_step0050__goal_drawer__proposal_303,task04_ep004_step0050,4,libero_goal_task04_ep004_seed4,4,4,cabinet,drawer,50,303,1,150,50,2,horizon,False,0,,,,0,0,0,0,1,False,False,0.11533064787225365,0.11654657163516208,28,1,False,False,0.16327286018741963,0.22274720017330468,12,0,False,False,0.15422433042961656,0.16969637243746216,21,0
task04_ep004_step0050__goal_drawer__proposal_404__continuation_0,task04_ep004_step0050__goal_drawer__proposal_404,task04_ep004_step0050,4,libero_goal_task04_ep004_seed4,4,4,cabinet,drawer,50,404,0,150,50,2,horizon,False,0,,,,0,0,0,0,1,False,False,0.11555081510299207,0.11685313312151796,28,1,False,False,0.16657960634405986,0.2238801618151654,11,0,False,False,0.15072941801867334,0.16316599992503922,32,0
task04_ep004_step0050__goal_drawer__proposal_404__continuation_1,task04_ep004_step0050__goal_drawer__proposal_404,task04_ep004_step0050,4,libero_goal_task04_ep004_seed4,4,4,cabinet,drawer,50,404,1,150,50,2,horizon,False,0,,,,0,0,0,0,1,False,False,0.11555081510299207,0.11685313312151796,28,1,False,False,0.16657960634405986,0.2238801618151654,11,0,False,False,0.16271379794009022,0.15115334518827533,19,0
