state_id,source_task_id,source_goal,goal,left_seed,right_seed,left_Q,right_Q,absolute_Q_difference,action_rmse,action_first10_rmse,action_expert_final_rmse,action_head_input_rmse,velocity_executed_rmse,velocity_padding_rmse,active_head_output_rmse,padding_head_output_rmse,active_row_energy_fraction,padding_row_energy_fraction,full_output_row_energy_fraction,output_null_energy_fraction,flow_noise_exact,vlm_main_view_pooled_rmse,vlm_wrist_view_pooled_rmse,vlm_language_pooled_rmse,vlm_state_pooled_rmse,vlm_pooled_rmse,action_to_vlm_gain
task03_ep000_step0050,3,drawer,drawer,101,202,0.0,0.0,0.0,0.028176797473038123,0.018049412331378408,0.4619295672707,0.47559512323336633,1.375219721681249,1.3758902710714718,1.0985699966517994,1.3737657609101197,0.07026760321403175,0.6565102052331623,0.7271637490376861,0.2728362509623139,False,0.0,0.0,0.0,0.0,0.0,28176797473.038124
task03_ep000_step0050,3,drawer,drawer,101,303,0.0,0.0,0.0,0.031445785808283055,0.024042399276417943,0.4733997391346707,0.4883706447221726,1.4048943849590882,1.4133488803129246,1.1509541072396627,1.4160411383803753,0.07684402391265042,0.6596003959952222,0.7364410978441036,0.2635589021558964,False,0.0,0.0,0.0,0.0,0.0,31445785808.283054
task03_ep000_step0050,3,drawer,drawer,101,404,0.0,0.5,0.5,0.029467470917859246,0.020507755479621054,0.45558101406975327,0.47018782266833054,1.3452454915801055,1.3687322040373477,1.0839273016733302,1.3706899413462066,0.07267239487322463,0.6660299920505678,0.7386268768689299,0.2613731231310701,False,0.0,0.0,0.0,0.0,0.0,29467470917.859245
task03_ep000_step0050,3,drawer,drawer,202,303,0.0,0.0,0.0,0.030827361879290846,0.02007079294313002,0.4650177132714263,0.47962049345600144,1.3809663170011945,1.378188280137079,1.0916380607889795,1.3806558716600676,0.06900337318578885,0.6521006588430884,0.7210749988522316,0.2789250011477684,False,0.0,0.0,0.0,0.0,0.0,30827361879.290848
task03_ep000_step0050,3,drawer,drawer,202,404,0.0,0.5,0.5,0.03302671833659124,0.019011413576300776,0.4660295661482152,0.48143958913962775,1.3728621603478774,1.3947145820619007,1.0944248471361238,1.3920524782966575,0.06646510199702245,0.6567855377496877,0.7235889018748549,0.2764110981251451,False,0.0,0.0,0.0,0.0,0.0,33026718336.59124
task03_ep000_step0050,3,drawer,drawer,303,404,0.0,0.5,0.5,0.03793894214346982,0.01887749497404686,0.4666893923546808,0.4814520367955362,1.3270023863534812,1.4086459560962505,1.0830392329187815,1.4112369467606274,0.06561490199757886,0.6735366013776048,0.7394666990809494,0.2605333009190506,False,0.0,0.0,0.0,0.0,0.0,37938942143.469826
task03_ep000_step0050,3,drawer,cabinet,101,202,0.0,0.0,0.0,0.03302508017098866,0.040854489088294976,0.4680277757465969,0.48044274016466965,1.3761710491010053,1.3776071198218343,1.0981148398582816,1.3783833545960718,0.0686813038180978,0.6475917707023707,0.7168138981373893,0.28318610186261073,False,0.0,0.0,0.0,0.0,0.0,33025080170.98866
task03_ep000_step0050,3,drawer,cabinet,101,303,0.0,0.0,0.0,0.032606883614309065,0.046025005571376856,0.47673681545652347,0.49022104874058275,1.4055080053162547,1.4153103924122346,1.146819853577076,1.41468381741523,0.0755994806518574,0.6532920350783632,0.7289563914169944,0.2710436085830056,False,0.0,0.0,0.0,0.0,0.0,32606883614.309067
task03_ep000_step0050,3,drawer,cabinet,101,404,0.0,0.0,0.0,0.0316989465221207,0.03960003632171114,0.4623709168010512,0.4752642914372358,1.3358680309408177,1.3704680268187646,1.0439738246637236,1.3738664992746707,0.06659628147954065,0.6548081656206233,0.7213391922495461,0.2786608077504539,False,0.0,0.0,0.0,0.0,0.0,31698946522.1207
task03_ep000_step0050,3,drawer,cabinet,202,303,0.0,0.0,0.0,0.02792506095520257,0.027168027096188593,0.4652891564100363,0.47786592939925204,1.388357398655095,1.379774368369382,1.0856245019185877,1.382559417036712,0.06869853085187867,0.6585556418401722,0.7273303505269106,0.27266964947308936,False,0.0,0.0,0.0,0.0,0.0,27925060955.20257
task03_ep000_step0050,3,drawer,cabinet,202,404,0.0,0.0,0.0,0.03140806690592682,0.022427809825316763,0.4689197581040776,0.4826183383995703,1.3740968565012106,1.3962543077461587,1.0819872734382594,1.3956501486526243,0.0650065331928988,0.6568553471615692,0.7224272872002634,0.2775727127997366,False,0.0,0.0,0.0,0.0,0.0,31408066905.92682
task03_ep000_step0050,3,drawer,cabinet,303,404,0.0,0.0,0.0,0.029297373722278308,0.023288945513887778,0.4655170596017119,0.47814928422480507,1.332671824200206,1.4101698180630924,1.0548960771315046,1.4106273969610148,0.06346958854423113,0.6821306205650961,0.7458268824596996,0.25417311754030036,False,0.0,0.0,0.0,0.0,0.0,29297373722.27831
task03_ep000_step0100,3,drawer,drawer,101,202,0.0,1.0,1.0,0.11210618187380215,0.03551545941666672,0.448054531427779,0.4703445126899443,1.3957007043975702,1.3776746665236885,1.1309931617427746,1.3644241603942284,0.07464676314495096,0.6621126273260179,0.7373076313258423,0.2626923686741577,False,0.0,0.0,0.0,0.0,0.0,112106181873.80215
task03_ep000_step0100,3,drawer,drawer,101,303,0.0,0.0,0.0,0.022319951743482787,0.03604180682306341,0.4480537455328282,0.4707212575713357,1.4242794858494263,1.414877471876961,1.1825087282530493,1.4015227338383984,0.08555512573132323,0.6955395983041509,0.7810751111408293,0.21892488885917072,False,0.0,0.0,0.0,0.0,0.0,22319951743.482788
task03_ep000_step0100,3,drawer,drawer,101,404,0.0,0.0,0.0,0.021728048699706227,0.035340100527571035,0.43567250659570866,0.45801045351762776,1.364323815828348,1.3703727619348847,1.1453336013291584,1.3620131466655083,0.08596581741864476,0.6928934372788708,0.7788288391928255,0.22117116080717447,False,0.0,0.0,0.0,0.0,0.0,21728048699.706226
task03_ep000_step0100,3,drawer,drawer,202,303,1.0,0.0,1.0,0.11261082020772416,0.03359230193086973,0.4477185502057506,0.4703368334321131,1.4158682776985372,1.3794197032062623,1.1767166347096831,1.3679393365396384,0.08220438657068087,0.6655933352075616,0.7482701161498275,0.2517298838501725,False,0.0,0.0,0.0,0.0,0.0,112610820207.72417
task03_ep000_step0100,3,drawer,drawer,202,404,1.0,0.0,1.0,0.11394087058588447,0.030337590924485968,0.4532807230201072,0.4767778391652538,1.4117850202870903,1.3960212408913597,1.2029845030237325,1.3880905154273677,0.08373451001432484,0.665866465753909,0.7502085593640871,0.24979144063591285,False,0.0,0.0,0.0,0.0,0.0,113940870585.88446
task03_ep000_step0100,3,drawer,drawer,303,404,0.0,0.0,0.0,0.01868630262699994,0.02445322021532064,0.44364561205207215,0.4654265518350791,1.3454680909996666,1.4099076086684572,1.1013881854491052,1.4055000767592554,0.07218151529084631,0.7147652407707885,0.7870334679929077,0.21296653200709226,False,0.0,0.0,0.0,0.0,0.0,18686302626.99994
task03_ep000_step0100,3,drawer,cabinet,101,202,0.0,0.0,0.0,0.01761009252739787,0.022271956270050644,0.4245518901160681,0.4503833075388346,1.398003226394386,1.3772526740554851,1.0944397447544099,1.35232505731988,0.07684379876342205,0.7093787993358011,0.7866710306676202,0.21332896933237977,False,0.0,0.0,0.0,0.0,0.0,17610092527.39787
task03_ep000_step0100,3,drawer,cabinet,101,303,0.0,0.5,0.5,0.019647907432699528,0.029978296810690818,0.4380832535394198,0.4643268746256895,1.421231313858038,1.4146546216266527,1.1402716639328483,1.3905976090818724,0.08218897294844008,0.7037617246199986,0.7858422630070074,0.21415773699299256,False,0.0,0.0,0.0,0.0,0.0,19647907432.699528
task03_ep000_step0100,3,drawer,cabinet,101,404,0.0,0.0,0.0,0.019130729037488158,0.027132044271569636,0.4233402882531233,0.44887947971855097,1.3598998093180537,1.3701059544034988,1.0723535655645573,1.3502686525427172,0.07747680629032609,0.7089666189407009,0.7863514610645146,0.2136485389354854,False,0.0,0.0,0.0,0.0,0.0,19130729037.48816
task03_ep000_step0100,3,drawer,cabinet,202,303,0.0,0.5,0.5,0.017759934012808416,0.022661001800566453,0.4260013691833815,0.451886221240117,1.4073657438523366,1.3792210489022025,1.1084910291163939,1.356235965334452,0.07912472983802671,0.7087686535164491,0.7878894645676324,0.21211053543236758,False,0.0,0.0,0.0,0.0,0.0,17759934012.808414
task03_ep000_step0100,3,drawer,cabinet,202,404,0.0,0.0,0.0,0.018280235550368402,0.018818580348925647,0.42992587155016826,0.4559085259190612,1.39681673999978,1.395696877266014,1.0952593648781759,1.3735079897399372,0.07397669542657603,0.7129890165947146,0.7873591707360965,0.21264082926390349,False,0.0,0.0,0.0,0.0,0.0,18280235550.368404
task03_ep000_step0100,3,drawer,cabinet,303,404,0.5,0.0,0.5,0.01788602894303219,0.021841256046323154,0.43212848487318756,0.4575705171187961,1.343371792472907,1.4096450388312751,1.065653941237056,1.390438549356658,0.07002091125724252,0.7237593623709426,0.7939678820808005,0.2060321179191995,False,0.0,0.0,0.0,0.0,0.0,17886028943.03219
task03_ep001_step0050,3,drawer,drawer,101,202,1.0,0.5,0.5,0.02588636318960785,0.013647440819188953,0.4530505792586074,0.4666690811982253,1.3947616434972634,1.3774503731261676,1.1261031043396368,1.3573200432164125,0.0761414738513532,0.6656747660868125,0.7422603646412835,0.25773963535871647,False,0.0,0.0,0.0,0.0,0.0,25886363189.60785
task03_ep001_step0050,3,drawer,drawer,101,303,1.0,1.0,0.0,0.025603932500544133,0.017298572255407364,0.463943505976205,0.4787013124245133,1.4240494384356421,1.4153056344383135,1.1582251185813859,1.3980881853380716,0.08014209570850399,0.6691677467653151,0.7493142990464285,0.25068570095357146,False,0.0,0.0,0.0,0.0,0.0,25603932500.544132
task03_ep001_step0050,3,drawer,drawer,101,404,1.0,1.0,0.0,0.02667099965941249,0.015683160136305836,0.44731114982320713,0.4618727912807632,1.3575306369457558,1.3704954120834612,1.099029950554701,1.3542525912907815,0.07659352415838301,0.6737127237204634,0.7502348300474473,0.2497651699525527,False,0.0,0.0,0.0,0.0,0.0,26670999659.41249
task03_ep001_step0050,3,drawer,drawer,202,303,0.5,1.0,0.5,0.02637197619123146,0.016570359256876957,0.45423930352032915,0.46844763861656163,1.4021452020854208,1.379686759929912,1.1228914604243878,1.3649386552758072,0.07575631838672252,0.6679731000897682,0.743625001807587,0.25637499819241305,False,0.0,0.0,0.0,0.0,0.0,26371976191.23146
task03_ep001_step0050,3,drawer,drawer,202,404,0.5,1.0,0.5,0.03109368173294493,0.015477137844087966,0.45578585373938935,0.47079895797006155,1.3899559799498786,1.396240778826008,1.0982526961051682,1.3742775420259585,0.06995361025030948,0.6692941363907061,0.739663636523671,0.26033636347632905,False,0.0,0.0,0.0,0.0,0.0,31093681732.944927
task03_ep001_step0050,3,drawer,drawer,303,404,1.0,1.0,0.0,0.031070749226008307,0.015314513279621248,0.4574872915483977,0.47165164950252636,1.3413676861746315,1.410300211905429,1.0818204709573638,1.3941448274805144,0.06796407504375786,0.6848338468016008,0.753230160801162,0.246769839198838,False,0.0,0.0,0.0,0.0,0.0,31070749226.00831
task03_ep001_step0050,3,drawer,cabinet,101,202,0.0,1.0,1.0,0.2126025450228591,0.19811997407323015,0.4965353234214853,0.5109246802745024,1.4083202637378027,1.3788898600039123,1.2153397757386548,1.3761489698493685,0.07784986032417895,0.5707776008255901,0.6490368194325311,0.3509631805674689,False,0.0,0.0,0.0,0.0,0.0,212602545022.8591
task03_ep001_step0050,3,drawer,cabinet,101,303,0.0,0.0,0.0,0.1947301105381045,0.19667182741260955,0.5018810199412728,0.5175572032854302,1.4357284145344973,1.4166057537546097,1.276263053084194,1.4088675838364975,0.08855490425714012,0.5812445583857923,0.6699760919459475,0.33002390805405246,False,0.0,0.0,0.0,0.0,0.0,194730110538.1045
task03_ep001_step0050,3,drawer,cabinet,101,404,0.0,1.0,1.0,0.13288694793635,0.19786113247074558,0.46896548449756426,0.48362597374241745,1.365045280789038,1.371831486921953,1.1508710756775262,1.3688097257354779,0.0811192573985612,0.6276302174383422,0.7087805548992788,0.2912194451007212,False,0.0,0.0,0.0,0.0,0.0,132886947936.35
task03_ep001_step0050,3,drawer,cabinet,202,303,1.0,0.0,1.0,0.11317703835038039,0.022808913111161445,0.47516563477411455,0.4903631815608292,1.4156573197193398,1.3807459650518612,1.2146332800349762,1.3774422850109,0.08562395203219941,0.6207186723922374,0.7061567509568218,0.29384324904317816,False,0.0,0.0,0.0,0.0,0.0,113177038350.38039
task03_ep001_step0050,3,drawer,cabinet,202,404,1.0,1.0,0.0,0.16622840512688639,0.01959071181281302,0.4836350741689254,0.4995419716119031,1.4027389009986981,1.397455741689822,1.1989212511436331,1.3893287876513039,0.0786799089253361,0.6075422380361004,0.6860454086858151,0.3139545913141849,False,0.0,0.0,0.0,0.0,0.0,166228405126.88638
task03_ep001_step0050,3,drawer,cabinet,303,404,0.0,1.0,1.0,0.14237632666888872,0.026958975164227,0.480305476643073,0.4960715876050638,1.3601402511604659,1.4113126953146637,1.221128586407718,1.4042664854625608,0.08516639308656937,0.6279095005217288,0.7134625687637127,0.2865374312362873,False,0.0,0.0,0.0,0.0,0.0,142376326668.88873
task03_ep001_step0100,3,drawer,drawer,101,202,1.0,1.0,0.0,0.10716447422961184,0.019538532350019372,0.4318802528133247,0.4584331628531503,1.411365998877561,1.3767830114243984,1.1796268091164475,1.3532590451822042,0.08568401669638116,0.6855562001202617,0.7717004482006834,0.2282995517993166,False,0.0,0.0,0.0,0.0,0.0,107164474229.61185
task03_ep001_step0100,3,drawer,drawer,101,303,1.0,1.0,0.0,0.016281637191510195,0.02242708133789875,0.43575824002244473,0.4625890228656316,1.4349614346727388,1.4140206630950032,1.215385786640524,1.391675041163514,0.09313803118650946,0.7101293951951253,0.8032493150755793,0.19675068492442072,False,0.0,0.0,0.0,0.0,0.0,16281637191.510195
task03_ep001_step0100,3,drawer,drawer,101,404,1.0,1.0,0.0,0.014716348440275069,0.021583407359067806,0.42160482212941397,0.4477979431202824,1.3737217054253323,1.369465970675902,1.167295722852399,1.3498737501394513,0.09169662203408603,0.711981629182778,0.8035629004335645,0.1964370995664355,False,0.0,0.0,0.0,0.0,0.0,14716348440.275068
task03_ep001_step0100,3,drawer,drawer,202,303,1.0,1.0,0.0,0.10751844847436515,0.018223036149094086,0.4331267891711743,0.45996404475133423,1.425050793987586,1.378519940597288,1.209745005021317,1.357396704229183,0.0905841596985206,0.6852928331641832,0.7760740577834725,0.2239259422165275,False,0.0,0.0,0.0,0.0,0.0,107518448474.36514
task03_ep001_step0100,3,drawer,drawer,202,404,1.0,1.0,0.0,0.10778814206293477,0.014266991394042555,0.43749393694378513,0.46511174330977306,1.4216699002734428,1.3950434363906157,1.224850571259838,1.374103915761964,0.09042069551414518,0.6857224229506169,0.7766434009549589,0.22335659904504113,False,0.0,0.0,0.0,0.0,0.0,107788142062.93477
task03_ep001_step0100,3,drawer,drawer,303,404,1.0,1.0,0.0,0.015327793661979741,0.016919795836310234,0.43006186959990805,0.4559745793125001,1.3549223361518723,1.4091829168734913,1.1253950016499428,1.3911038254894843,0.0781428069056032,0.7295117844608191,0.8079380125309278,0.19206198746907222,False,0.0,0.0,0.0,0.0,0.0,15327793661.979742
task03_ep001_step0100,3,drawer,cabinet,101,202,1.0,1.0,0.0,0.016635315729981812,0.017277534198705476,0.4127151947361963,0.44222453220709906,1.4009239645544276,1.3759528912111185,1.127262380455702,1.3351552928887023,0.08403435899735438,0.717192729140288,0.8016022871483683,0.19839771285163166,False,0.0,0.0,0.0,0.0,0.0,16635315729.981813
task03_ep001_step0100,3,drawer,cabinet,101,303,1.0,1.0,0.0,0.01622024975036578,0.01901877390395805,0.42456265848288915,0.4546362203171029,1.4262326624655726,1.41328829420534,1.1622637296026526,1.3715667367112365,0.08836473535290788,0.7141115194158136,0.8023926773522425,0.1976073226477575,False,0.0,0.0,0.0,0.0,0.0,16220249750.36578
task03_ep001_step0100,3,drawer,cabinet,101,404,1.0,1.0,0.0,0.01669289875691833,0.018992550689946534,0.4104433178595357,0.43964266368893445,1.3631474476965306,1.3686288430675744,1.1008752155165507,1.329869059124081,0.08470880491953223,0.7168873669146407,0.8014149843477062,0.1985850156522938,False,0.0,0.0,0.0,0.0,0.0,16692898756.918331
task03_ep001_step0100,3,drawer,cabinet,202,303,1.0,1.0,0.0,0.01575501391721497,0.014846014890165425,0.413328665451412,0.4428138682493952,1.4093988661802932,1.377907727217879,1.1248122447488895,1.3374696194979905,0.0836766708285584,0.7177836803395085,0.8013413589471208,0.19865864105287923,False,0.0,0.0,0.0,0.0,0.0,15755013917.21497
task03_ep001_step0100,3,drawer,cabinet,202,404,1.0,1.0,0.0,0.01788167275115523,0.01226187788381991,0.41746130545636795,0.4470306750282777,1.4010139836063182,1.3942548436871427,1.1205489586168653,1.3535975218222909,0.07987899702655687,0.720302664402382,0.8004806941946315,0.19951930580536847,False,0.0,0.0,0.0,0.0,0.0,17881672751.15523
task03_ep001_step0100,3,drawer,cabinet,303,404,1.0,1.0,0.0,0.015549035409203486,0.013908096683027957,0.41882378095707795,0.4475433747370714,1.3474386498832085,1.4081849010172105,1.0806601675780392,1.3702746002819501,0.07472806639639529,0.7347500990209036,0.8097319334982034,0.19026806650179662,False,0.0,0.0,0.0,0.0,0.0,15549035409.203487
task03_ep003_step0100,3,drawer,drawer,101,202,0.0,0.0,0.0,0.02829046244959546,0.02540215655371569,0.45314222689649464,0.462681199023085,1.3947622746419392,1.3750359742249452,1.121872086176189,1.3634921853800233,0.07518634231951382,0.6833291307832958,0.7589515893326436,0.24104841066735638,False,0.0,0.0,0.0,0.0,0.0,28290462449.595463
task03_ep003_step0100,3,drawer,drawer,101,303,0.0,0.0,0.0,0.024063910183373026,0.026386861864648673,0.4633555975016564,0.47340565396321094,1.4222407748065784,1.4127345672739413,1.179353671918751,1.3965615312152289,0.08363843866271442,0.6828160275608535,0.766432839638682,0.23356716036131797,False,0.0,0.0,0.0,0.0,0.0,24063910183.373028
task03_ep003_step0100,3,drawer,drawer,101,404,0.0,0.0,0.0,0.027179584072352544,0.026680862250347298,0.45029489622097574,0.4588180351940625,1.359115161557768,1.3678108208516306,1.0857695017528393,1.357444452745582,0.07438223714307979,0.6858056636351967,0.7600765147617039,0.2399234852382961,False,0.0,0.0,0.0,0.0,0.0,27179584072.352543
task03_ep003_step0100,3,drawer,drawer,202,303,0.0,0.0,0.0,0.028755947442360243,0.0189460635225374,0.4543942353033452,0.4641678172947518,1.402482259379336,1.377287197049545,1.137755351084247,1.3608524103482778,0.07766527833572039,0.6763311768344339,0.7538866103336734,0.24611338966632657,False,0.0,0.0,0.0,0.0,0.0,28755947442.360245
task03_ep003_step0100,3,drawer,drawer,202,404,0.0,0.0,0.0,0.035938695517673105,0.01706754311966489,0.45975207633754595,0.46963714836319287,1.4017177879850184,1.393172137945374,1.1460953636372977,1.3826484124231098,0.07472387905781704,0.6809044327688193,0.755987801136645,0.244012198863355,False,0.0,0.0,0.0,0.0,0.0,35938695517.6731
task03_ep003_step0100,3,drawer,drawer,303,404,0.0,0.0,0.0,0.02565998676180145,0.01709513899565059,0.4569223410414317,0.46565000570880766,1.350691187178075,1.4074550568759114,1.1215786379259662,1.392588880081143,0.07303559580069276,0.7009420884192787,0.7742294198484282,0.2257705801515718,False,0.0,0.0,0.0,0.0,0.0,25659986761.801453
task03_ep003_step0100,3,drawer,cabinet,101,202,0.0,0.0,0.0,0.017041368788718033,0.018672648361369233,0.42816592047386687,0.4527467890695827,1.4022815097515162,1.3761569445634088,1.1433579131635123,1.3623300353922194,0.08242712511703036,0.7123243483121462,0.7951980152840973,0.20480198471590272,False,0.0,0.0,0.0,0.0,0.0,17041368788.718033
task03_ep003_step0100,3,drawer,cabinet,101,303,0.0,1.0,1.0,0.016492365896337197,0.02248104398403321,0.44038075113530417,0.46581541051750514,1.4311976710620338,1.413477845548341,1.200600469441237,1.3985045230459692,0.09016532789766478,0.7070865817968186,0.7971890350733509,0.20281096492664907,False,0.0,0.0,0.0,0.0,0.0,16492365896.337198
task03_ep003_step0100,3,drawer,cabinet,101,404,0.0,0.0,0.0,0.016362574753287593,0.021922807237457768,0.42559805760555675,0.4499773273288938,1.3672585448266446,1.3686373318790133,1.125238321253431,1.3582092205249108,0.08432320274696385,0.7136797929052696,0.7978067809851044,0.20219321901489562,False,0.0,0.0,0.0,0.0,0.0,16362574753.287594
task03_ep003_step0100,3,drawer,cabinet,202,303,0.0,1.0,1.0,0.01697018039538829,0.02003973637096964,0.4297961453260312,0.45446483347425914,1.4138329609632483,1.3777751410912065,1.1636310694263232,1.364522555901479,0.08547584444182936,0.7092594722751748,0.7945928976039895,0.20540710239601045,False,0.0,0.0,0.0,0.0,0.0,16970180395.38829
task03_ep003_step0100,3,drawer,cabinet,202,404,0.0,0.0,0.0,0.018309082785020803,0.017239466284061408,0.43415358158450756,0.4587071383595811,1.406040082079067,1.3940630606368012,1.154005359941749,1.3846429661165889,0.08027803118512057,0.7157407784106364,0.7964418929592529,0.20355810704074706,False,0.0,0.0,0.0,0.0,0.0,18309082785.0208
task03_ep003_step0100,3,drawer,cabinet,303,404,1.0,0.0,1.0,0.01572863593452414,0.019710811332663062,0.4343130741083417,0.45897191018627564,1.3541437544264157,1.4082718812411006,1.1329828415708887,1.396523110694069,0.07774505882489165,0.7254631353779565,0.8034066853222536,0.19659331467774643,False,0.0,0.0,0.0,0.0,0.0,15728635934.52414
task04_ep000_step0050,4,cabinet,drawer,101,202,0.0,0.0,0.0,0.01884378635091158,0.016213393966528957,0.43108132584490705,0.4543609838996381,1.408669236215374,1.3775740995681067,1.1464624316947243,1.354857969391613,0.08172774258250114,0.6996368550897984,0.7819106919500368,0.21808930804996318,False,0.0,0.0,0.0,0.0,0.0,18843786350.91158
task04_ep000_step0050,4,cabinet,drawer,101,303,0.0,0.0,0.0,0.017670050287541428,0.013996894667740139,0.4421552273744931,0.466577941146829,1.4357184135338086,1.4152049235610027,1.2006039990008608,1.3926601276156725,0.08894188993894411,0.6990282388461576,0.7879367802654769,0.21206321973452313,False,0.0,0.0,0.0,0.0,0.0,17670050287.541428
task04_ep000_step0050,4,cabinet,drawer,101,404,0.0,0.0,0.0,0.016155888680556285,0.01199717638129081,0.42714634313741,0.45088196469548775,1.374746542255118,1.370590607038022,1.127021929832549,1.351399077456571,0.083759318571601,0.7038761958164446,0.7873718919277466,0.2126281080722534,False,0.0,0.0,0.0,0.0,0.0,16155888680.556286
task04_ep000_step0050,4,cabinet,drawer,202,303,0.0,0.0,0.0,0.019426265838141447,0.017203030744384652,0.43108031033614136,0.4542046741547534,1.416157839239931,1.3797452198387496,1.1393873337184828,1.3584286867242579,0.08116669269849897,0.7038148400160212,0.7849643208625846,0.2150356791374154,False,0.0,0.0,0.0,0.0,0.0,19426265838.14145
task04_ep000_step0050,4,cabinet,drawer,202,404,0.0,0.0,0.0,0.018062497912025282,0.013811726338922121,0.43427347782054615,0.4578056567638362,1.411008571979182,1.3962059042402852,1.1549602358370696,1.3743765771087117,0.07936096265171806,0.7080639766567326,0.7878831260860243,0.2121168739139757,False,0.0,0.0,0.0,0.0,0.0,18062497912.025284
task04_ep000_step0050,4,cabinet,drawer,303,404,0.0,0.0,0.0,0.013733707215784912,0.010955176176177426,0.4354298577698853,0.4588151204104719,1.3580130430754038,1.4101526770285038,1.1189504518547775,1.390283101229443,0.07502223872082596,0.7197347427405191,0.7949582444847026,0.20504175551529735,False,0.0,0.0,0.0,0.0,0.0,13733707215.784912
task04_ep000_step0050,4,cabinet,cabinet,101,202,1.0,1.0,0.0,0.016731036099789025,0.01172381124042994,0.4273414198926359,0.45440468631319425,1.4089541921076265,1.3774281764807803,1.1779683439350062,1.3647362715187141,0.0858593088674901,0.7097354772899116,0.7960508870853924,0.2039491129146076,False,0.0,0.0,0.0,0.0,0.0,16731036099.789026
task04_ep000_step0050,4,cabinet,cabinet,101,303,1.0,1.0,0.0,0.018782481678877506,0.013482865213964697,0.43803325689146927,0.46616092314289653,1.4350808795685637,1.4149372693954687,1.2205017177930662,1.3996133573741203,0.09168942353566623,0.7073003742004567,0.7989446856927825,0.20105531430721746,False,0.0,0.0,0.0,0.0,0.0,18782481678.877506
task04_ep000_step0050,4,cabinet,cabinet,101,404,1.0,1.0,0.0,0.016476605816990956,0.011853525044898077,0.4237808147637697,0.45103237668488966,1.373217181991286,1.3700135254329402,1.1569713500718135,1.3578009336378585,0.08767845164838273,0.7100457748818638,0.7974872414803502,0.20251275851964978,False,0.0,0.0,0.0,0.0,0.0,16476605816.990955
task04_ep000_step0050,4,cabinet,cabinet,202,303,1.0,1.0,0.0,0.01890146572042377,0.0147917021702116,0.4277742704255812,0.45486575552781044,1.4133295122087115,1.3794809377024688,1.1746989879309453,1.3666474656099379,0.08563749237512192,0.7103047717725486,0.7958610022637643,0.20413899773623567,False,0.0,0.0,0.0,0.0,0.0,18901465720.423767
task04_ep000_step0050,4,cabinet,cabinet,202,404,1.0,1.0,0.0,0.017577610594696497,0.01231893899621881,0.43113861906098444,0.4586733431420094,1.4079133205316323,1.395683359109534,1.1906391254685404,1.3826576502838466,0.08405483725487323,0.7138767792807837,0.7983720318254404,0.20162796817455964,False,0.0,0.0,0.0,0.0,0.0,17577610594.6965
task04_ep000_step0050,4,cabinet,cabinet,303,404,1.0,1.0,0.0,0.014852558664282511,0.011991654622965623,0.43149386513700055,0.45882645447280607,1.3560554376910394,1.4099341825511127,1.153628906080414,1.395576633038676,0.07940140982734813,0.7251182973694469,0.8048038149592254,0.19519618504077463,False,0.0,0.0,0.0,0.0,0.0,14852558664.28251
task04_ep001_step0050,4,cabinet,drawer,101,202,0.0,0.0,0.0,0.018819275039484325,0.01691770694020386,0.43500709655455133,0.455473757232471,1.405596865559378,1.3749215777227788,1.1542405875591977,1.3644907435214426,0.08219744842709308,0.7062761449158764,0.7888907431007118,0.21110925689928817,False,0.0,0.0,0.0,0.0,0.0,18819275039.484325
task04_ep001_step0050,4,cabinet,drawer,101,303,0.0,0.0,0.0,0.01823586544465476,0.017345314244213504,0.4448239646539947,0.4668274631107837,1.4327881029418246,1.4123226609356023,1.2036598349686023,1.400225076461305,0.08922023558793103,0.7059123623101053,0.7950323562761992,0.20496764372380083,False,0.0,0.0,0.0,0.0,0.0,18235865444.654762
task04_ep001_step0050,4,cabinet,drawer,101,404,0.0,0.0,0.0,0.018080912805578376,0.012347396593313626,0.43003964146685075,0.4509081856734638,1.3722447027136944,1.3682200349029858,1.1345509216051621,1.356975749695004,0.08420562321651388,0.7096276059670498,0.7936971290631104,0.2063028709368896,False,0.0,0.0,0.0,0.0,0.0,18080912805.578377
task04_ep001_step0050,4,cabinet,drawer,202,303,0.0,0.0,0.0,0.017544648656739697,0.02022179019698712,0.4360466383099214,0.45722740872077533,1.4159386941711807,1.3770564218760641,1.1732397615364711,1.368132599786637,0.08481830098889241,0.7044753781295501,0.7892000491776469,0.21079995082235314,False,0.0,0.0,0.0,0.0,0.0,17544648656.739697
task04_ep001_step0050,4,cabinet,drawer,202,404,0.0,0.0,0.0,0.020172282997243253,0.015928023388605658,0.439237837394309,0.4604920902575626,1.4075892748271794,1.3936877586997203,1.1783399633048974,1.3827793905607504,0.08192859061887323,0.7084242473041541,0.7907783951574994,0.20922160484250063,False,0.0,0.0,0.0,0.0,0.0,20172282997.24325
task04_ep001_step0050,4,cabinet,drawer,303,404,0.0,0.0,0.0,0.01590291492853417,0.014158709336256944,0.43874491411921906,0.4596428848775427,1.3566234646854691,1.4072221723015308,1.1329177601259515,1.3990604917737657,0.07638692920889728,0.726167507180727,0.802778490217673,0.197221509782327,False,0.0,0.0,0.0,0.0,0.0,15902914928.53417
task04_ep001_step0050,4,cabinet,cabinet,101,202,1.0,1.0,0.0,0.01952815422173389,0.013878853354714168,0.4309601201059734,0.45423609607131965,1.4027261018306383,1.374027165807707,1.165917404390991,1.365424718407745,0.08376022843196217,0.7110087872412755,0.7951818117810925,0.20481818821890752,False,0.0,0.0,0.0,0.0,0.0,19528154221.73389
task04_ep001_step0050,4,cabinet,cabinet,101,303,1.0,1.0,0.0,0.11137419210735594,0.015593561544086062,0.45038539425288604,0.47476884808057973,1.4253535575697778,1.4113044442689144,1.2019554162086297,1.401010284479628,0.08454919332491392,0.6832165803867609,0.7676345241232491,0.23236547587675094,False,0.0,0.0,0.0,0.0,0.0,111374192107.35594
task04_ep001_step0050,4,cabinet,cabinet,101,404,1.0,1.0,0.0,0.01997742568620455,0.013309958902635364,0.4273151362564266,0.4507055955538937,1.3695537833818747,1.3668763584719452,1.1370521638225992,1.3604060311491546,0.08411005210265776,0.7137722151127012,0.7977243676896129,0.20227563231038714,False,0.0,0.0,0.0,0.0,0.0,19977425686.20455
task04_ep001_step0050,4,cabinet,cabinet,202,303,1.0,1.0,0.0,0.1111424005402459,0.015364540941888,0.4420392243145382,0.4662193757185349,1.413531592138213,1.3759611394498872,1.1860407324058155,1.3684801105660072,0.08313785764523561,0.6778695664976468,0.7610005754493157,0.23899942455068435,False,0.0,0.0,0.0,0.0,0.0,111142400540.24591
task04_ep001_step0050,4,cabinet,cabinet,202,404,1.0,1.0,0.0,0.02325931072231956,0.013168127649592545,0.4361928348333672,0.4600520479844557,1.4038468216956108,1.3924468375780057,1.1867530344039514,1.3843890657966194,0.08274457828939939,0.7113511184219964,0.7945078192335419,0.20549218076645814,False,0.0,0.0,0.0,0.0,0.0,23259310722.31956
task04_ep001_step0050,4,cabinet,cabinet,303,404,1.0,1.0,0.0,0.11027473064673704,0.014197118651097953,0.44408675964715266,0.4680562436109342,1.3603070083076438,1.4061664761313588,1.1607550068160746,1.3997986212302136,0.07781562350257736,0.7010013933519296,0.7790854786793389,0.22091452132066114,False,0.0,0.0,0.0,0.0,0.0,110274730646.73705
task04_ep002_step0050,4,cabinet,drawer,101,202,0.0,0.0,0.0,0.11015629361785814,0.017285933853457697,0.4364997086698708,0.4590142201656029,1.398202732134043,1.3775088928828614,1.110328416973297,1.3507986739138633,0.07489074794188735,0.6814652709529473,0.7569949165970231,0.24300508340297688,False,0.0,0.0,0.0,0.0,0.0,110156293617.85814
task04_ep002_step0050,4,cabinet,drawer,101,303,0.0,0.0,0.0,0.01900831983052167,0.01730878418501824,0.4399336180746183,0.4637963166269024,1.429301246860376,1.4149074226786844,1.1659167851208192,1.3861939353352883,0.08545091840720866,0.700863351678481,0.786263647878507,0.213736352121493,False,0.0,0.0,0.0,0.0,0.0,19008319830.52167
task04_ep002_step0050,4,cabinet,drawer,101,404,0.0,0.0,0.0,0.016382016234302917,0.013683872303096142,0.42473750173574054,0.4478837784550214,1.370282798037297,1.3702918568015914,1.0994023783775575,1.343611714891299,0.08101859181339754,0.7051618794984404,0.7860670116472727,0.21393298835272734,False,0.0,0.0,0.0,0.0,0.0,16382016234.302917
task04_ep002_step0050,4,cabinet,drawer,202,303,0.0,0.0,0.0,0.11086834955787532,0.017050420918282683,0.43627136740713157,0.4590477371694171,1.410332538365467,1.3794611901181122,1.1141337866879018,1.3507301298826075,0.0762495998945015,0.6811884454412193,0.7574737781189389,0.2425262218810611,False,0.0,0.0,0.0,0.0,0.0,110868349557.87532
task04_ep002_step0050,4,cabinet,drawer,202,404,0.0,0.0,0.0,0.11045239251871343,0.01383142821724643,0.43983427220454496,0.46303980163288316,1.4073384180268051,1.3960591897619063,1.1288544005946957,1.3667185969682674,0.07465075351890639,0.6844058559793009,0.7595132117635276,0.2404867882364724,False,0.0,0.0,0.0,0.0,0.0,110452392518.71342
task04_ep002_step0050,4,cabinet,drawer,303,404,0.0,0.0,0.0,0.015349604332485077,0.011852402122758727,0.43268860694067207,0.45603900448600426,1.3526208747027904,1.410042721859657,1.1022501489408563,1.3813962173622636,0.07387343583521495,0.7192228732475647,0.7933498156418586,0.20665018435814142,False,0.0,0.0,0.0,0.0,0.0,15349604332.485077
task04_ep002_step0050,4,cabinet,cabinet,101,202,1.0,1.0,0.0,0.016397153569037478,0.012790365809485721,0.42239481971625503,0.4482946880971125,1.4067852029184,1.377053085298102,1.1422517565605526,1.3496690561288773,0.08329223633385271,0.7132008507189833,0.7969890713929001,0.2030109286070999,False,0.0,0.0,0.0,0.0,0.0,16397153569.037477
task04_ep002_step0050,4,cabinet,cabinet,101,303,1.0,1.0,0.0,0.01853760914219887,0.014180063610382843,0.43264896215512216,0.45975792117741665,1.431304314624354,1.4145698284400732,1.1871974653275412,1.3832638227475944,0.08921863032915404,0.7101944996811396,0.7993918933064346,0.20060810669356544,False,0.0,0.0,0.0,0.0,0.0,18537609142.19887
task04_ep002_step0050,4,cabinet,cabinet,101,404,1.0,1.0,0.0,0.01633382097486868,0.012328458583966034,0.4188956479186114,0.44518236368677033,1.371600248653467,1.3698574895912898,1.119319155896442,1.3428839693129768,0.08464473651388386,0.7129507710856307,0.7974333909936593,0.20256660900634071,False,0.0,0.0,0.0,0.0,0.0,16333820974.868681
task04_ep002_step0050,4,cabinet,cabinet,202,303,1.0,1.0,0.0,0.018506377676110446,0.015268496577719297,0.42295898733118875,0.44905860786709473,1.4106419988561252,1.3789809191441869,1.134470762902687,1.349777603898766,0.08225060881181162,0.7108130757976457,0.7930350592954801,0.20696494070451987,False,0.0,0.0,0.0,0.0,0.0,18506377676.110447
task04_ep002_step0050,4,cabinet,cabinet,202,404,1.0,1.0,0.0,0.01610456168574619,0.012038549238218153,0.4259415501790538,0.4525972375870754,1.4071814932289113,1.3954211642175383,1.154041038284134,1.3651227130980468,0.08137294780252384,0.7146580027435356,0.7964288307484,0.20357116925160001,False,0.0,0.0,0.0,0.0,0.0,16104561685.74619
task04_ep002_step0050,4,cabinet,cabinet,303,404,1.0,1.0,0.0,0.015432238595518528,0.01189583164316738,0.42750377941214807,0.45369360318271257,1.3506968847641772,1.4096239530096808,1.1146500424089176,1.3788875137014927,0.07589876908235478,0.723946229559567,0.8001525549470088,0.19984744505299123,False,0.0,0.0,0.0,0.0,0.0,15432238595.518528
task04_ep003_step0050,4,cabinet,drawer,101,202,0.0,0.0,0.0,0.11190342364543487,0.0168820369086726,0.4394542058426452,0.45841280588087735,1.409632380307285,1.3773097639001988,1.1289099816503423,1.3468966646103133,0.07745215957912437,0.6793823212885564,0.7572084058072125,0.2427915941927875,False,0.0,0.0,0.0,0.0,0.0,111903423645.43488
task04_ep003_step0050,4,cabinet,drawer,101,303,0.0,0.0,0.0,0.11249906498109755,0.017102674465366362,0.45251903770768026,0.4727434569968928,1.4362389700406744,1.4147267874537621,1.1883039881401387,1.3864756614391875,0.08497915866193728,0.6749115738699217,0.7599475209003648,0.24005247909963523,False,0.0,0.0,0.0,0.0,0.0,112499064981.09755
task04_ep003_step0050,4,cabinet,drawer,101,404,0.0,0.0,0.0,0.01628417170401268,0.013373422896730505,0.4266139339775561,0.4461907795707036,1.375535719338685,1.3702893593893177,1.1275855686433844,1.344187815467988,0.08446081236899954,0.7112442891207456,0.7956090581503191,0.20439094184968087,False,0.0,0.0,0.0,0.0,0.0,16284171704.012682
task04_ep003_step0050,4,cabinet,drawer,202,303,0.0,0.0,0.0,0.01821456522237249,0.017324379591780657,0.43265335798009424,0.45216533492487304,1.4188899418254808,1.3792590322551814,1.1513284305226192,1.3521579207189094,0.0832336653338807,0.7036274878279537,0.7869220029853833,0.21307799701461672,False,0.0,0.0,0.0,0.0,0.0,18214565222.37249
task04_ep003_step0050,4,cabinet,drawer,202,404,0.0,0.0,0.0,0.11198467393081028,0.01525187126281704,0.44219685781195095,0.4618347651149959,1.4105454897663015,1.3959384212224555,1.1486679517255052,1.3660621577177856,0.07727242533895508,0.6874199356471529,0.7650708839209632,0.23492911607903677,False,0.0,0.0,0.0,0.0,0.0,111984673930.81029
task04_ep003_step0050,4,cabinet,drawer,303,404,0.0,0.0,0.0,0.11212799888232043,0.012893499205500814,0.4443419527479786,0.4642374597961136,1.3613855456917183,1.4097334836490825,1.1369082754781943,1.3844131056709283,0.07574822537830428,0.6971088728439214,0.7732834418798312,0.22671655812016878,False,0.0,0.0,0.0,0.0,0.0,112127998882.32043
task04_ep003_step0050,4,cabinet,cabinet,101,202,1.0,1.0,0.0,0.10987631963266521,0.013446915182590403,0.4347097482493213,0.4574403549824541,1.4058136340223801,1.3768731122432665,1.154971460680737,1.3490180647209282,0.08181994999306541,0.6843270043542785,0.766700459184174,0.23329954081582605,False,0.0,0.0,0.0,0.0,0.0,109876319632.6652
task04_ep003_step0050,4,cabinet,cabinet,101,303,1.0,1.0,0.0,0.021001686448113874,0.015319957171884302,0.43947321497785236,0.46354721767601076,1.4351954614439708,1.4143433788179876,1.227655798496686,1.384592613784362,0.09554611474881901,0.700045468294316,0.7956886784136273,0.20431132158637266,False,0.0,0.0,0.0,0.0,0.0,21001686448.113876
task04_ep003_step0050,4,cabinet,cabinet,101,404,1.0,1.0,0.0,0.01796058006193851,0.013394604862053155,0.4235425525347964,0.4466160798765348,1.372174199249855,1.3696294991046072,1.136627567859458,1.3454997962387851,0.0861945234727678,0.7111909180273253,0.7973107282601432,0.20268927173985685,False,0.0,0.0,0.0,0.0,0.0,17960580061.93851
task04_ep003_step0050,4,cabinet,cabinet,202,303,1.0,1.0,0.0,0.10776394664604094,0.014968852664303926,0.4371361582334518,0.46106765596043775,1.4236120786066007,1.3787473508162849,1.2293503362552585,1.3521061114339354,0.09637843413685887,0.6766465323087257,0.7732618241978778,0.2267381758021222,False,0.0,0.0,0.0,0.0,0.0,107763946646.04094
task04_ep003_step0050,4,cabinet,cabinet,202,404,1.0,1.0,0.0,0.11008211190717371,0.012237931987559007,0.438449801239922,0.46187408809466757,1.4099848080548518,1.3952338760429328,1.173072593297566,1.3673035347142863,0.08188954614935094,0.6885072045710938,0.7709794241475143,0.2290205758524857,False,0.0,0.0,0.0,0.0,0.0,110082111907.1737
task04_ep003_step0050,4,cabinet,cabinet,303,404,1.0,1.0,0.0,0.014615731549297057,0.012315506590669554,0.4314282768281144,0.4547609677648495,1.3603601909872491,1.4090991238080741,1.1573942048358532,1.3819248153355124,0.0827490521836369,0.7238013085104366,0.806763889885089,0.19323611011491104,False,0.0,0.0,0.0,0.0,0.0,14615731549.297058
task04_ep004_step0050,4,cabinet,drawer,101,202,0.0,0.0,0.0,0.019211101962888204,0.017464069871903354,0.44285110066019023,0.46080492700191666,1.405083448938481,1.3779708987729182,1.1444871820627918,1.3761535311307864,0.07961385781633273,0.7018263904003822,0.7819492407364782,0.2180507592635218,False,0.0,0.0,0.0,0.0,0.0,19211101962.888206
task04_ep004_step0050,4,cabinet,drawer,101,303,0.0,0.0,0.0,0.01710655513150307,0.014929453205659745,0.45392750517212,0.47309390833914305,1.4336544545252756,1.4153817791470784,1.2064320135783966,1.4123120983715454,0.08780039363670247,0.6992436880779277,0.7871092137008513,0.2128907862991487,False,0.0,0.0,0.0,0.0,0.0,17106555131.50307
task04_ep004_step0050,4,cabinet,drawer,101,404,0.0,0.0,0.0,0.015874298507936483,0.012828673877042094,0.43716525218307395,0.45590895708368767,1.371946005810402,1.3709462135263317,1.135907278432456,1.3676615820227502,0.0828706202660523,0.705201807690719,0.7879400837492885,0.21205991625071152,False,0.0,0.0,0.0,0.0,0.0,15874298507.936483
task04_ep004_step0050,4,cabinet,drawer,202,303,0.0,0.0,0.0,0.017623341222750444,0.016623759145875012,0.4447104087413212,0.46323126742114146,1.4149748284790078,1.3798972310923265,1.1675940495072747,1.3814696534435562,0.08273224521914069,0.6998112188949167,0.7825486574060654,0.21745134259393462,False,0.0,0.0,0.0,0.0,0.0,17623341222.750443
task04_ep004_step0050,4,cabinet,drawer,202,404,0.0,0.0,0.0,0.01904145667891689,0.014059159021533095,0.44577080172286887,0.4643901326528908,1.4071305220252508,1.396547573547929,1.1581970808948696,1.3928360927412204,0.0782847882178182,0.7067682766114738,0.785431824809551,0.21456817519044902,False,0.0,0.0,0.0,0.0,0.0,19041456678.91689
task04_ep004_step0050,4,cabinet,drawer,303,404,0.0,0.0,0.0,0.015194819403370854,0.011622380342535824,0.44662193028801966,0.4651414384912217,1.3571690458750325,1.4103395177875535,1.1380893057971593,1.4088798256972084,0.07601347101040479,0.7191902328264537,0.79537557487165,0.20462442512835,False,0.0,0.0,0.0,0.0,0.0,15194819403.370855
task04_ep004_step0050,4,cabinet,cabinet,101,202,1.0,1.0,0.0,0.018578619971604926,0.013104381936831442,0.4365164977546092,0.45889996055155335,1.4041207762279906,1.377494078354341,1.1639231894993523,1.3766607771249977,0.08236448494282791,0.7081120446707116,0.7910410620881144,0.20895893791188558,False,0.0,0.0,0.0,0.0,0.0,18578619971.604927
task04_ep004_step0050,4,cabinet,cabinet,101,303,1.0,1.0,0.0,0.019342263725423945,0.013088984181330953,0.4477081957465662,0.4708929982393821,1.4303486024366283,1.4149241031399957,1.205197059217738,1.412293454231555,0.08787974487755365,0.7057625278361835,0.7936450917316626,0.20635490826833736,False,0.0,0.0,0.0,0.0,0.0,19342263725.423946
task04_ep004_step0050,4,cabinet,cabinet,101,404,1.0,1.0,0.0,0.01753317385535583,0.012846481322571155,0.4332465425082768,0.45619291806859624,1.3698720529524644,1.3701497376167457,1.156188121110615,1.3693271477760522,0.08661369549949105,0.7059686942630575,0.7924030750148195,0.20759692498518045,False,0.0,0.0,0.0,0.0,0.0,17533173855.35583
task04_ep004_step0050,4,cabinet,cabinet,202,303,1.0,1.0,0.0,0.01939932525540175,0.013359183639548265,0.43738759036934394,0.459874283096879,1.4119340256609658,1.3792386615764114,1.159126917543824,1.3795878565338417,0.08211943556785296,0.708118023596001,0.790259642996081,0.20974035700391902,False,0.0,0.0,0.0,0.0,0.0,19399325255.401752
task04_ep004_step0050,4,cabinet,cabinet,202,404,1.0,1.0,0.0,0.01939029343566654,0.012675276737007591,0.4405228211329577,0.46375562724011526,1.406009883800981,1.395732005196411,1.180792514910709,1.393916120078806,0.0816582390556818,0.7097294471068475,0.7918382797931961,0.2081617202068039,False,0.0,0.0,0.0,0.0,0.0,19390293435.666542
task04_ep004_step0050,4,cabinet,cabinet,303,404,1.0,1.0,0.0,0.014582648905291573,0.011953975303964371,0.4400073781198989,0.4628496578618345,1.3567424134213768,1.4096664339205423,1.1494786483086827,1.408223725197018,0.0782619537802254,0.7256177217280049,0.8041030246641451,0.19589697533585493,False,0.0,0.0,0.0,0.0,0.0,14582648905.291573
