feature_set,horizon,episodes,failure_prevalence,auprc,auroc,brier,task_centered_auprc,task_centered_auroc,within_task_pairwise_auc,eligible_tasks,comparable_success_failure_pairs,task_eta_squared,auprc_episode_ci_low,auprc_episode_ci_high,auprc_task_cluster_ci_low,auprc_task_cluster_ci_high,auroc_episode_ci_low,auroc_episode_ci_high,auroc_task_cluster_ci_low,auroc_task_cluster_ci_high,brier_episode_ci_low,brier_episode_ci_high,brier_task_cluster_ci_low,brier_task_cluster_ci_high,task_centered_auprc_episode_ci_low,task_centered_auprc_episode_ci_high,task_centered_auprc_task_cluster_ci_low,task_centered_auprc_task_cluster_ci_high,task_centered_auroc_episode_ci_low,task_centered_auroc_episode_ci_high,task_centered_auroc_task_cluster_ci_low,task_centered_auroc_task_cluster_ci_high,within_task_pairwise_auc_episode_ci_low,within_task_pairwise_auc_episode_ci_high,within_task_pairwise_auc_task_cluster_ci_low,within_task_pairwise_auc_task_cluster_ci_high,task_eta_squared_episode_ci_low,task_eta_squared_episode_ci_high,task_eta_squared_task_cluster_ci_low,task_eta_squared_task_cluster_ci_high
action_expert_final,0,400,0.3625,0.5259877543187188,0.6256118999323868,0.23101618434179066,0.41692625422508445,0.5478025693035835,0.5425361155698234,33,623,0.8949121749620007,0.4478066804030622,0.6141242013726489,0.38943617995371305,0.6762411076708825,0.5674674840172897,0.6842520797255638,0.5213928347531068,0.7229679831008811,0.20638550581215742,0.2565727152732037,0.18866874352232157,0.27593476447531745,0.3490091150529138,0.49087107581393913,0.3226841492773969,0.5220732780433027,0.48633237393353396,0.5961505178799433,0.4864563815497051,0.6101092752457481,0.44067564217767174,0.6414692366449831,0.44973023383906663,0.6288237071214743,0.8845636645451089,0.9217039720435203,0.8352767109868667,0.9277131317625624
layer_action_expert_layer_15,0,400,0.3625,0.5259877543187188,0.6256118999323868,0.23101618434179066,0.41692625422508445,0.5478025693035835,0.5425361155698234,33,623,0.8949121749620007,,,,,,,,,,,,,,,,,,,,,,,,,,,,
robot_state,0,400,0.3625,0.5040902802828215,0.5850169033130493,0.22240985452381082,0.35203809359350224,0.48997971602434076,0.4911717495987159,33,623,0.9912472125182133,0.4246382906156079,0.591922220573822,0.36119230090547966,0.6512166800840271,0.5217184319788394,0.6445033880639819,0.4782324028897833,0.6902251858908205,0.20301078686542182,0.2424449231989804,0.19162766042789647,0.25463617109345515,0.3007915489154267,0.4150562809169943,0.2622524420063913,0.4569851353825639,0.43683669693928007,0.5404063959729252,0.4396478053936794,0.5396227093312579,0.394815067394095,0.5780792511261261,0.4283107517482518,0.560875157276667,0.9903503627905971,0.9935761795293974,0.9845069603001999,0.9940587856921028
vlm_action_expert,0,400,0.3625,0.4901792594766954,0.618498985801217,0.2415952196117916,0.4232657760478764,0.5261392832995266,0.5264847512038523,33,623,0.9039418672308229,,,,,,,,,,,,,,,,,,,,,,,,,,,,
all_diagnostic_features,0,400,0.3625,0.4871701252976068,0.6141987829614604,0.24130824379934857,0.4141289184260023,0.5195943204868154,0.5200642054574639,33,623,0.896763261750367,,,,,,,,,,,,,,,,,,,,,,,,,,,,
layer_vlm_layer_07,0,400,0.3625,0.46053725391593153,0.6027045300878973,0.24606217910634334,0.391853394651257,0.4972549019607843,0.5152487961476726,33,623,0.8245766726333357,,,,,,,,,,,,,,,,,,,,,,,,,,,,
layer_vlm_layer_03,0,400,0.3625,0.45614635975442763,0.5954293441514538,0.2498474472449398,0.398771775719826,0.5004462474645031,0.5264847512038523,33,623,0.8224555927778697,,,,,,,,,,,,,,,,,,,,,,,,,,,,
layer_vlm_layer_11,0,400,0.3625,0.45497277783992673,0.5942663962136578,0.2510758237022007,0.39633573400219224,0.5006626098715348,0.521669341894061,33,623,0.8311508178459779,,,,,,,,,,,,,,,,,,,,,,,,,,,,
layer_action_expert_layer_07,0,400,0.3625,0.4536962198414283,0.5777146720757268,0.249771026864508,0.3813768692968975,0.510101419878296,0.5136436597110754,33,623,0.8559812399940107,,,,,,,,,,,,,,,,,,,,,,,,,,,,
layer_action_expert_layer_11,0,400,0.3625,0.44470660350200636,0.5977281947261663,0.24737872031261193,0.3983551994529434,0.5169709263015552,0.5056179775280899,33,623,0.898548151898693,,,,,,,,,,,,,,,,,,,,,,,,,,,,
layer_vlm_layer_15,0,400,0.3625,0.442278589091293,0.5788505747126438,0.25174257128384003,0.40184397954057494,0.4938471940500338,0.5104333868378812,33,623,0.8014466022225946,,,,,,,,,,,,,,,,,,,,,,,,,,,,
vlm_final,0,400,0.3625,0.442278589091293,0.5788505747126438,0.25174257128384003,0.40184397954057494,0.4938471940500338,0.5104333868378812,33,623,0.8014466022225946,0.3667000191259533,0.5282401009169201,0.3291368508695706,0.5666940879492589,0.5232252134112425,0.6358027634914502,0.4826507975260417,0.6639437735743517,0.22756146436127753,0.27740357704395935,0.2128025105600601,0.29627631988355624,0.33896460564275815,0.46910555933446463,0.29959108741703444,0.5151201999578682,0.4430971809539407,0.5490566554396341,0.43565801000759663,0.5479983915441177,0.41036752136752136,0.607614873648704,0.4167907124681934,0.5983254311954005,0.7885113652155797,0.8500715395579405,0.723015429912389,0.851105359601931
layer_action_expert_layer_03,0,400,0.3625,0.4126625105268035,0.548289384719405,0.2629806453592738,0.4060362469313422,0.5108316430020284,0.5409309791332263,33,623,0.7767284173475404,,,,,,,,,,,,,,,,,,,,,,,,,,,,
state_action_history,0,400,0.3625,0.41241280150935156,0.5712508451656525,0.2442192453797915,0.345060458482939,0.4806761325219743,0.4606741573033708,33,623,0.8697508688682685,0.3484614171813776,0.49426035598846735,0.29367226574670013,0.5709056629089896,0.5125641382553213,0.6262309559491279,0.4544622607061662,0.6748701195139444,0.22981277428241648,0.26026931930801434,0.2155893796375201,0.2749634342403271,0.2959725903803429,0.4073251763166856,0.2633821525051032,0.443581265664836,0.43168516103587157,0.5299340934038982,0.4272138530991008,0.5302747624110224,0.3718320981847766,0.5512843704775687,0.39348664870161687,0.5279386339649192,0.85363144304789,0.9061482667671871,0.7753194110120475,0.9146914427057138
policy_output,0,400,0.3625,0.36682061845556535,0.5411494252873563,0.2630508791800834,0.351140497747839,0.5143745774171737,0.5088282504012841,33,623,0.7188622205956026,0.313096597290371,0.43386258028001534,0.275124366491702,0.4857475634695933,0.4837192990053654,0.5967177868818702,0.4483049000328896,0.6259950730226739,0.24664420986853694,0.2808444305335678,0.2347071130639973,0.29370715064378883,0.3037004625091349,0.41547445623636586,0.2729690459732354,0.4479133385422492,0.4637932513927111,0.5642038972686232,0.4663007783778828,0.560322713077649,0.41591232938353084,0.6036705455553345,0.4342483304345517,0.5832177572309151,0.6860592814362733,0.7977710034354116,0.5162073341492375,0.8244489616006002
action_uncertainty,0,400,0.3625,0.3594260951384196,0.488789722785666,0.25039846734811355,0.3396831907658867,0.447816091954023,0.43820224719101125,33,623,0.47310074793667034,0.30673152541238446,0.4318405425861145,0.27290519845612965,0.4695914624319313,0.4330844206928308,0.5477751918690065,0.41500008282143214,0.5666737621104336,0.24035439323881644,0.260463001116105,0.2343882593037855,0.2673469345002808,0.2883606302066072,0.41360344030428675,0.2545584663247384,0.44021698962092864,0.39474289153196207,0.5121279388412047,0.38091657121217837,0.5165077815506508,0.35219781721034016,0.5265720901946108,0.3755969912782392,0.5063326235990547,0.4174929410092326,0.6231478937150071,0.29487020650343304,0.6081245709545734
majority_baseline,0,400,0.3625,0.32816091954022986,0.4264367816091954,0.23358984375,0.37625718390804597,0.5237998647734956,0.5,33,623,1.0000000000000013,,,,,,,,,,,,,,,,,,,,,,,,,,,,
vlm_action_expert,50,400,0.3625,0.6148512818799495,0.7246788370520622,0.20315451246090294,0.5702967566915514,0.6422447599729547,0.6869983948635634,33,623,0.8043107818123537,,,,,,,,,,,,,,,,,,,,,,,,,,,,
all_diagnostic_features,50,400,0.3625,0.6039806895554884,0.7187559161595672,0.20572025239484396,0.5685707673017318,0.6381609195402299,0.6837881219903692,33,623,0.8132912536336472,,,,,,,,,,,,,,,,,,,,,,,,,,,,
action_expert_final,50,400,0.3625,0.6026389877051652,0.7019878296146046,0.20722841091434596,0.5592600638575375,0.614631507775524,0.6532905296950241,33,623,0.7420457863277268,0.5230360482015011,0.6802642108016227,0.4573789777368298,0.740788819820485,0.6465978440979626,0.7558437269500277,0.5969446641846131,0.790565781739812,0.18630263650238854,0.2292298377869245,0.17070490384509496,0.2478967615307815,0.48052654408123496,0.6177090110668341,0.4657863777203756,0.648355907319787,0.5612019311678891,0.6598623195624742,0.5555457152369551,0.6790265572787997,0.5625591320444262,0.7378516404690618,0.5862028869286287,0.7191892843425937,0.7247389388367033,0.8095160412768955,0.6574791100363279,0.7984388561617458
layer_action_expert_layer_15,50,400,0.3625,0.6026389877051652,0.7019878296146046,0.20722841091434596,0.5592600638575375,0.614631507775524,0.6532905296950241,33,623,0.7420457863277268,,,,,,,,,,,,,,,,,,,,,,,,,,,,
layer_action_expert_layer_11,50,400,0.3625,0.5558130984230831,0.6655307640297499,0.2182152578040548,0.5349720557345431,0.5936713995943205,0.6388443017656501,33,623,0.7908595491117023,,,,,,,,,,,,,,,,,,,,,,,,,,,,
layer_action_expert_layer_07,50,400,0.3625,0.5357782396995355,0.6570114942528734,0.22009368696296058,0.49376271264796345,0.5817444219066937,0.6019261637239165,33,623,0.8090328842586499,,,,,,,,,,,,,,,,,,,,,,,,,,,,
robot_state,50,400,0.3625,0.5256559726452716,0.6154969574036511,0.2213596617011298,0.3805140888101275,0.5070453008789723,0.5232744783306581,33,623,0.9857513597953868,0.4478547662190491,0.6217278035003642,0.3764944263334619,0.6762154259172308,0.5520769813521729,0.6740848149131541,0.49982729938064974,0.7239714490026858,0.20370386226312967,0.24056623436279254,0.18967809566469926,0.25488609647064425,0.32436080798930633,0.44884448332619226,0.2888306228721326,0.4907640235192375,0.4535330641021457,0.559340800275684,0.45032277932193415,0.5643615518726017,0.4294973091468229,0.6164701959858051,0.44212258375162766,0.5976603233843338,0.983964127203016,0.9897167637088239,0.97312315981086,0.9910454980473836
layer_vlm_layer_03,50,400,0.3625,0.5126136318797407,0.6657471264367816,0.2205081351963411,0.4899063620823463,0.5920486815415821,0.6613162118780096,33,623,0.789643671273928,,,,,,,,,,,,,,,,,,,,,,,,,,,,
layer_vlm_layer_07,50,400,0.3625,0.5088390026607715,0.6688032454361055,0.21965916371374952,0.4850115381596043,0.5801757944557132,0.6468699839486356,33,623,0.7910340849890211,,,,,,,,,,,,,,,,,,,,,,,,,,,,
layer_vlm_layer_15,50,400,0.3625,0.5082425901942808,0.6544151453684923,0.22221733432296023,0.47963391391072924,0.5859364435429344,0.6500802568218299,33,623,0.7843247897865843,,,,,,,,,,,,,,,,,,,,,,,,,,,,
vlm_final,50,400,0.3625,0.5082425901942808,0.6544151453684923,0.22221733432296023,0.47963391391072924,0.5859364435429344,0.6500802568218299,33,623,0.7843247897865843,0.4325780731631071,0.5954571710541323,0.40848425953714823,0.6220059980153371,0.5993398684241632,0.7063180126902734,0.5811776568023045,0.7264753941507347,0.20155065384147705,0.24450484933110556,0.18644377635961612,0.2563889723238268,0.40538910222428437,0.5514526707793126,0.3792803070200483,0.5960773302525316,0.5254170920548167,0.6373639718976962,0.5289039762105123,0.6409643978526779,0.5509379170780934,0.7353125354187917,0.5690923705826514,0.7176470588235294,0.7639014319852796,0.8402463790840745,0.653858780347903,0.8493858384144596
layer_vlm_layer_11,50,400,0.3625,0.5052728207769718,0.6614469235970251,0.22167991923719185,0.4729810786703414,0.5757674104124408,0.6340288924558587,33,623,0.788350889069657,,,,,,,,,,,,,,,,,,,,,,,,,,,,
layer_action_expert_layer_03,50,400,0.3625,0.5002765562523475,0.6475726842461123,0.21987110960462394,0.47112754202470275,0.5766328600405679,0.5987158908507223,33,623,0.7948321900726796,,,,,,,,,,,,,,,,,,,,,,,,,,,,
state_action_history,50,400,0.3625,0.4604039726327043,0.6054631507775524,0.23260471076842137,0.36979044845725917,0.5118323191345503,0.5088282504012841,33,623,0.8876468907124068,0.39121301311885737,0.5481268970719145,0.33092257746266535,0.6352778461849344,0.545572713138072,0.6671632821706018,0.5024223076646379,0.7054573162519356,0.21220858666825257,0.2537721057649172,0.19669139067474578,0.2708690745483316,0.3177739751175006,0.44313400821558535,0.2879225064412031,0.46450642149148647,0.460015729212036,0.5583390090685976,0.4694281095023681,0.5535360214265451,0.41633002152879167,0.5978475670307845,0.4440536606693195,0.5741827250342456,0.8694144097539266,0.9198032075630929,0.7838271802414997,0.9328778813384733
policy_output,50,400,0.3625,0.44639051903676474,0.6139012846517917,0.23020894474607406,0.3745697691072906,0.5367680865449628,0.5521669341894061,33,623,0.8467605078923892,0.3779075697504099,0.5279180924369599,0.32209914692975883,0.61946453950348,0.5562107949944999,0.669089789387211,0.520602611762218,0.6997113144512036,0.2143562619814649,0.24667023358304416,0.20583280750067337,0.25666249187607587,0.3249130717665762,0.44769547044800656,0.28514694690265696,0.47637613245537586,0.486389534237927,0.5832853224103224,0.49405520288351773,0.5814642306182202,0.46194257259614085,0.6437886756604714,0.48259313981930524,0.6210018332794134,0.8312746115374319,0.8868189556748869,0.7442673579928507,0.8979265584244758
action_uncertainty,50,400,0.3625,0.3690067601097393,0.46807302231237313,0.2512122329989189,0.38568352369481684,0.49963488843813386,0.4943820224719101,33,623,0.6416629643475864,0.3104801790960924,0.44200652616730274,0.2779030309331736,0.4755075630452412,0.40485427421164855,0.5260095572584683,0.37202924199289716,0.5613255200204319,0.24731771428488367,0.2551368407411714,0.24488089646838362,0.25801203011863505,0.3252560001311664,0.4628452625903452,0.3025625976413144,0.49126485771212186,0.4453760575972297,0.5554657664769115,0.4378599672001576,0.5648000581741799,0.4016101040973189,0.5938737347744039,0.4122340912876895,0.5888399767801856,0.6127208309773315,0.7382295063574893,0.5154743155579493,0.7322579541260534
majority_baseline,50,400,0.3625,0.32816091954022986,0.4264367816091954,0.23358984375,0.37625718390804597,0.5237998647734956,0.5,33,623,1.0000000000000013,,,,,,,,,,,,,,,,,,,,,,,,,,,,
vlm_action_expert,100,400,0.3625,0.8619621359892478,0.9056118999323868,0.12891781047339257,0.8079439119998995,0.8365382014874916,0.8892455858747994,33,623,0.5811342492763041,,,,,,,,,,,,,,,,,,,,,,,,,,,,
all_diagnostic_features,100,400,0.3625,0.858008961679768,0.9089925625422582,0.12858294257579359,0.8083945897534607,0.8368627450980392,0.8892455858747994,33,623,0.581156400797409,,,,,,,,,,,,,,,,,,,,,,,,,,,,
layer_action_expert_layer_11,100,400,0.3625,0.8555906850894531,0.8996889790398918,0.1367146114368106,0.7930917822275545,0.8141446923597024,0.8507223113964687,33,623,0.5250778155183439,,,,,,,,,,,,,,,,,,,,,,,,,,,,
action_expert_final,100,400,0.3625,0.8437930535717564,0.8970655848546314,0.13470243938935705,0.8037993675330891,0.8226369168356998,0.8780096308186196,33,623,0.5254461157453632,0.7846518951971843,0.8949778647530503,0.7360673333970372,0.9274663776642398,0.8609305972408055,0.9285028174437722,0.8351797386409032,0.9455914515620137,0.12037883539710728,0.1506146056037141,0.10874304282282006,0.16290872652668634,0.7339857688855178,0.840437308627907,0.7217233291615235,0.8717871854046778,0.7635937937366511,0.8556260185746373,0.7553249014078616,0.8821982968494896,0.8136507911689286,0.934484783614904,0.8221382935177148,0.930002688172043,0.5019248110989846,0.6387353661739041,0.3748048609026194,0.6469328792362681
layer_action_expert_layer_15,100,400,0.3625,0.8437930535717564,0.8970655848546314,0.13470243938935705,0.8037993675330891,0.8226369168356998,0.8780096308186196,33,623,0.5254461157453632,,,,,,,,,,,,,,,,,,,,,,,,,,,,
layer_action_expert_layer_07,100,400,0.3625,0.8117825004833982,0.8842731575388776,0.1420281174077083,0.7940751938235435,0.8111697092630156,0.8426966292134831,33,623,0.5738597704507831,,,,,,,,,,,,,,,,,,,,,,,,,,,,
layer_vlm_layer_07,100,400,0.3625,0.7834701017297504,0.854685598377282,0.1549218344371181,0.7440619437026944,0.7907234617985125,0.8443017656500803,33,623,0.5980151674231239,,,,,,,,,,,,,,,,,,,,,,,,,,,,
layer_vlm_layer_11,100,400,0.3625,0.7707798402597188,0.8435429344151454,0.1573538308359109,0.7296695481502582,0.7818796484110886,0.8443017656500803,33,623,0.6141300793710198,,,,,,,,,,,,,,,,,,,,,,,,,,,,
layer_vlm_layer_03,100,400,0.3625,0.7701277233881824,0.8482217714672076,0.15627847508512965,0.7319872728318293,0.7868830290736986,0.8394863563402889,33,623,0.6129290838943974,,,,,,,,,,,,,,,,,,,,,,,,,,,,
layer_vlm_layer_15,100,400,0.3625,0.7695406299490332,0.8490601757944557,0.15719910632408496,0.7364634996689134,0.7912914131169709,0.8459069020866774,33,623,0.5893860664437665,,,,,,,,,,,,,,,,,,,,,,,,,,,,
vlm_final,100,400,0.3625,0.7695406299490332,0.8490601757944557,0.15719910632408496,0.7364634996689134,0.7912914131169709,0.8459069020866774,33,623,0.5893860664437665,0.6994403342050888,0.8354452735574973,0.6783427429824103,0.8673039520934367,0.8067929441841896,0.8886297758231992,0.7970597773757786,0.8995698971964418,0.14105215809418903,0.17377871553073812,0.1337583970223596,0.18044933188143744,0.6601819351025456,0.7814400615172499,0.6361480247515205,0.8220095292678358,0.7284250682769479,0.8218916730766419,0.7277877944925535,0.8537583694146906,0.7724232456140352,0.9099049277099305,0.7715112335735481,0.9120063540090771,0.5646536539740248,0.6901149112460394,0.4273604701175449,0.7150810489262799
layer_action_expert_layer_03,100,400,0.3625,0.7371281387700103,0.8490872210953346,0.15482245339504735,0.7664086952319977,0.803921568627451,0.85553772070626,33,623,0.6346554374558162,,,,,,,,,,,,,,,,,,,,,,,,,,,,
robot_state,100,400,0.3625,0.5203049849111976,0.6590939824205545,0.21750751958827044,0.4524510269398495,0.5896686950642326,0.6099518459069021,33,623,0.9659659760550956,0.4440038961028195,0.6091166760419902,0.38896088798571304,0.6898749333626578,0.601545010301712,0.7165998877784316,0.5481713684877974,0.7607354409014747,0.20186296225032604,0.23320602803218332,0.18910717972754038,0.24712752546218889,0.3842003465595271,0.530998837378628,0.35277074806864295,0.5608960864733061,0.5340463222907125,0.6418990078449276,0.5195923875579778,0.6613495076842812,0.5130084993931525,0.7078354430014512,0.5064134435737989,0.7096395326672279,0.9615426254536035,0.9757153361629558,0.9364205408608544,0.9795891077915342
state_action_history,100,400,0.3625,0.5174008856226004,0.6918999323867477,0.2127978333250477,0.5319106084022629,0.6146585530764029,0.651685393258427,33,623,0.8396826913384168,0.44335843783652906,0.6084610029742307,0.398030165358716,0.691139643138383,0.6368163452337502,0.7446352794849282,0.593836920759251,0.7878589778124007,0.1948581533002368,0.2301881304665301,0.1815024368720603,0.24425873582190863,0.447996375829843,0.6020485219336447,0.4427598599133858,0.6237195669227187,0.5547357335907337,0.6668947507143261,0.5465538899477316,0.6831103084708343,0.5574043297186863,0.7435335008858673,0.5629408755087848,0.7362496777717764,0.8136459328452602,0.8889414899946713,0.693430947543705,0.9064517139384456
policy_output,100,400,0.3625,0.5165254296219468,0.7000676132521975,0.21299864402760624,0.49921011512677693,0.6352670723461797,0.6773675762439807,33,623,0.8541566687322873,0.4446398911092774,0.6038896423989145,0.3904264416681042,0.6807167303375898,0.6478216745940626,0.7514315540306924,0.6081624348609773,0.7891174913666712,0.19927243198725406,0.22751961380217006,0.18800305978321488,0.2387280659339666,0.4202521651459625,0.5671618411781097,0.4167637971353946,0.5928302708365177,0.5788651113119199,0.6792865657536525,0.5879773699292901,0.6880879441484995,0.590288670337214,0.7579013031619355,0.6088441459222003,0.7513085738058318,0.8341257356130952,0.8962929932568319,0.7402443638485148,0.9085207787538885
action_uncertainty,100,400,0.3625,0.3517810995633509,0.47337390128465184,0.24801449465451683,0.408315710311438,0.5297092630155511,0.565008025682183,33,623,0.5689795924213293,0.2945267002064598,0.4260613629043588,0.260299814265795,0.46249048933079656,0.41091957985197286,0.5324727616853193,0.38632777253042166,0.5530417397841207,0.24515013542239417,0.2509148290032097,0.2438144646224375,0.2522875869385323,0.3432644640899868,0.4901042469556918,0.31657275130586376,0.5127504819790768,0.4725889993782069,0.5816064036495734,0.47495165356866215,0.5855481100536765,0.463157766120361,0.6599713536114807,0.48285623087937457,0.6452139781791384,0.5437979706394589,0.6766744422146262,0.43613972151433306,0.6753165054716039
majority_baseline,100,400,0.3625,0.32816091954022986,0.4264367816091954,0.23358984375,0.37625718390804597,0.5237998647734956,0.5,33,623,1.0000000000000013,,,,,,,,,,,,,,,,,,,,,,,,,,,,
