source_condition,target_condition,feature_set,horizon,episodes,prediction_coverage,estimable,failure_prevalence,auprc,auroc,brier,task_centered_auprc,task_centered_auroc,within_task_pairwise_auc,eligible_tasks,comparable_success_failure_pairs,task_eta_squared,mean_failure_probability
clean,instruction_paraphrase,action_expert_final,0,90,1.0,True,0.36666666666666664,0.43880048812763983,0.5491759702286019,0.2874035788904623,0.40245782746271086,0.5162147793726741,0.514792899408284,8,169,0.8833960260224969,0.4390330358381963
clean,instruction_paraphrase,action_uncertainty,0,90,1.0,True,0.36666666666666664,0.3230630160251464,0.45241892610313666,0.24838263329775256,0.3321012623644528,0.42158426368952684,0.44970414201183434,8,169,0.5692245759138738,0.43726189395089504
clean,instruction_paraphrase,policy_output,0,90,1.0,True,0.36666666666666664,0.331877664629548,0.46996278575225947,0.3283585909773668,0.3779788259686564,0.4912280701754386,0.514792899408284,8,169,0.889405903561506,0.49911447690329663
clean,instruction_paraphrase,robot_state,0,90,1.0,True,0.36666666666666664,0.4313740668181034,0.53056884635832,0.2484720886945075,0.32922928700581233,0.44710260499734183,0.4556213017751479,8,169,0.9994880939018622,0.3442929243335362
clean,instruction_paraphrase,state_action_history,0,90,1.0,True,0.36666666666666664,0.4621419161334498,0.5422647527910686,0.2535129909744214,0.3809673235544072,0.45082402977139824,0.40828402366863903,8,169,0.9571816550234432,0.39566609188175206
clean,instruction_paraphrase,vlm_final,0,90,1.0,True,0.36666666666666664,0.4858010393491363,0.531632110579479,0.28790837098588806,0.41004538496405096,0.5135566188197768,0.48520710059171596,8,169,0.809450735191819,0.35901097593239045
clean,instruction_paraphrase,action_expert_final,50,90,1.0,True,0.36666666666666664,0.4906391310819146,0.5661881977671451,0.23242998930043204,0.49614571879376446,0.5964912280701754,0.5857988165680473,8,169,0.6254487083760434,0.30470684498510947
clean,instruction_paraphrase,action_uncertainty,50,90,1.0,True,0.36666666666666664,0.3820145634547838,0.44710260499734183,0.24790894959306695,0.49020896278447745,0.53056884635832,0.5325443786982249,8,169,0.8655688515391653,0.4598740292897584
clean,instruction_paraphrase,policy_output,50,90,1.0,True,0.36666666666666664,0.34444796089464186,0.48219032429558745,0.26765931358294487,0.3816129393792363,0.4875066454013823,0.5088757396449705,8,169,0.8546478990452226,0.3933970324808077
clean,instruction_paraphrase,robot_state,50,90,1.0,True,0.36666666666666664,0.49954206783178123,0.572567783094099,0.2481014096302749,0.3550249071548871,0.4662413609782031,0.4437869822485207,8,169,0.9916043309345617,0.33132780981235016
clean,instruction_paraphrase,state_action_history,50,90,1.0,True,0.36666666666666664,0.43334845824933754,0.533758639021797,0.26500716322925266,0.40544028813805655,0.5023923444976077,0.48520710059171596,8,169,0.9691405092657468,0.2991493143723962
clean,instruction_paraphrase,vlm_final,50,90,1.0,True,0.36666666666666664,0.4259199434664951,0.5199362041467305,0.2771442614486063,0.39155312197493597,0.4492291334396598,0.44970414201183434,8,169,0.6926077549210871,0.31369427440176967
clean,instruction_paraphrase,action_expert_final,100,90,1.0,True,0.36666666666666664,0.6598053116219595,0.7283359914938862,0.18840900206756198,0.7040683062968823,0.735778841041999,0.7633136094674556,8,169,0.48858400170819954,0.34207487733478104
clean,instruction_paraphrase,action_uncertainty,100,90,1.0,True,0.36666666666666664,0.32894769541068114,0.4279638490164806,0.24765528059362757,0.4251754478587879,0.47740563530037217,0.4970414201183432,8,169,0.8237052533405218,0.46514870079691883
clean,instruction_paraphrase,policy_output,100,90,1.0,True,0.36666666666666664,0.4803734787563684,0.5502392344497609,0.2362404184569847,0.43085987705405193,0.5757575757575757,0.6153846153846154,8,169,0.7721170391405054,0.4118419972086138
clean,instruction_paraphrase,robot_state,100,90,1.0,True,0.36666666666666664,0.49632824038570156,0.5943646996278575,0.2394364122979072,0.3677068188974756,0.4465709728867624,0.3905325443786982,8,169,0.9647355604666958,0.3491050371844997
clean,instruction_paraphrase,state_action_history,100,90,1.0,True,0.36666666666666664,0.4357559628952554,0.5369484316852738,0.24328906982572035,0.506958865188452,0.6150983519404571,0.6745562130177515,8,169,0.9083087217079119,0.3721317034368821
clean,instruction_paraphrase,vlm_final,100,90,1.0,True,0.36666666666666664,0.47061777157431395,0.6076555023923446,0.2458061696270683,0.5309721407718352,0.595959595959596,0.6272189349112426,8,169,0.6815662971203938,0.3647613736196146
clean,main_camera_blur,action_expert_final,0,90,1.0,True,0.6,0.7573693077405164,0.5956790123456791,0.31131488702968707,0.5797787549814789,0.4835390946502058,0.4489795918367347,7,98,0.9298911282448528,0.6414993919730988
clean,main_camera_blur,action_uncertainty,0,90,1.0,True,0.6,0.4722877009481402,0.2397119341563786,0.33255153826511424,0.6371466140203184,0.4686213991769548,0.45918367346938777,7,98,0.7254692806792149,0.4019429175655863
clean,main_camera_blur,policy_output,0,90,1.0,True,0.6,0.5824244845172337,0.42592592592592593,0.34980309632879913,0.5832385671553298,0.4819958847736625,0.3877551020408163,7,98,0.9500196089484073,0.529223269994171
clean,main_camera_blur,robot_state,0,90,1.0,True,0.6,0.7550666353227264,0.5884773662551441,0.28023223791311186,0.6618888466160409,0.5210905349794239,0.5204081632653061,7,98,0.9995574255676433,0.3440468988241986
clean,main_camera_blur,state_action_history,0,90,1.0,True,0.6,0.7819349563802831,0.6332304526748972,0.2873175892632334,0.6319424933403147,0.4660493827160494,0.37755102040816324,7,98,0.9723282371495311,0.39354186976800554
clean,main_camera_blur,vlm_final,0,90,1.0,True,0.6,0.7728946653230283,0.6893004115226337,0.2503104210847018,0.5695259165785748,0.4382716049382716,0.3673469387755102,7,98,0.94627201613953,0.6378514184326041
clean,main_camera_blur,action_expert_final,50,90,1.0,True,0.6,0.7752702007603571,0.6640946502057613,0.2353787783519604,0.6520473599453265,0.5540123456790123,0.6020408163265306,7,98,0.8764333859654593,0.4611651650244093
clean,main_camera_blur,action_uncertainty,50,90,1.0,True,0.6,0.5268232033465015,0.37551440329218105,0.28773673913709713,0.595129635088428,0.47942386831275724,0.3877551020408163,7,98,0.8764723610443065,0.4692452258619021
clean,main_camera_blur,policy_output,50,90,1.0,True,0.6,0.616933929273634,0.5550411522633745,0.2935538453632297,0.6397364485378144,0.4845679012345679,0.4387755102040816,7,98,0.9193587659205825,0.430101514622641
clean,main_camera_blur,robot_state,50,90,1.0,True,0.6,0.7933156347437536,0.6337448559670782,0.2894936696593732,0.5703653798033165,0.4454732510288065,0.3673469387755102,7,98,0.9956747691242261,0.3422148134817819
clean,main_camera_blur,state_action_history,50,90,1.0,True,0.6,0.6180930549330226,0.43878600823045266,0.379988051741685,0.5847411833988593,0.46810699588477367,0.41836734693877553,7,98,0.9683236240473605,0.3003689293639332
clean,main_camera_blur,vlm_final,50,90,1.0,True,0.6,0.8462408230071397,0.7463991769547326,0.20768164941425624,0.7025118491570195,0.565843621399177,0.6632653061224489,7,98,0.9464411711997104,0.5421220487828423
clean,main_camera_blur,action_expert_final,100,90,1.0,True,0.6,0.9288541666678045,0.8672839506172839,0.169509158840796,0.8124524141379827,0.6965020576131687,0.7653061224489796,7,98,0.6236102831069695,0.5224907148134912
clean,main_camera_blur,action_uncertainty,100,90,1.0,True,0.6,0.5568736079166449,0.3976337448559671,0.27475640851024585,0.6183887286001364,0.4619341563786008,0.41836734693877553,7,98,0.848546311705476,0.46381827392293223
clean,main_camera_blur,policy_output,100,90,1.0,True,0.6,0.7197853936489069,0.625514403292181,0.24780146375785123,0.7321486760231515,0.5776748971193416,0.673469387755102,7,98,0.8222517529144616,0.44902168135285875
clean,main_camera_blur,robot_state,100,90,1.0,True,0.6,0.7839062922808321,0.6059670781893004,0.2826430304479339,0.6229394850434715,0.48148148148148145,0.4387755102040816,7,98,0.9853506848759854,0.3613009998601159
clean,main_camera_blur,state_action_history,100,90,1.0,True,0.6,0.609281315859627,0.43261316872427985,0.3099126508110804,0.7260326154763088,0.5807613168724279,0.5816326530612245,7,98,0.8410158853095989,0.39795675590983404
clean,main_camera_blur,vlm_final,100,90,1.0,True,0.6,0.8523269749442559,0.7515432098765432,0.206403162200613,0.8405740998713995,0.7273662551440329,0.8979591836734694,7,98,0.8317198872078428,0.5991879479743767
clean,wrist_camera_mask,action_expert_final,0,90,1.0,True,1.0,,,0.06583705494011798,,,,0,0,0.9698040595295668,0.8995826802483193
clean,wrist_camera_mask,action_uncertainty,0,90,1.0,True,1.0,,,0.2609941562769646,,,,0,0,0.6211316513129232,0.5326543359941295
clean,wrist_camera_mask,policy_output,0,90,1.0,True,1.0,,,0.48736835302311116,,,,0,0,0.8607370611840228,0.3330292298327454
clean,wrist_camera_mask,robot_state,0,90,1.0,True,1.0,,,0.5034459316450539,,,,0,0,0.9995092343920936,0.3437209874599491
clean,wrist_camera_mask,state_action_history,0,90,1.0,True,1.0,,,0.4829965284181074,,,,0,0,0.9308632345227806,0.33692337987577
clean,wrist_camera_mask,vlm_final,0,90,1.0,True,1.0,,,0.023085976673708535,,,,0,0,0.5961766323486536,0.9031089526482468
clean,wrist_camera_mask,action_expert_final,50,90,1.0,True,1.0,,,0.017169913302191052,,,,0,0,0.7129642983445764,0.9090038888692038
clean,wrist_camera_mask,action_uncertainty,50,90,1.0,True,1.0,,,0.26640336754170346,,,,0,0,0.874230002197502,0.5029106533408446
clean,wrist_camera_mask,policy_output,50,90,1.0,True,1.0,,,0.33569111673074964,,,,0,0,0.8682811315804951,0.44856238227266515
clean,wrist_camera_mask,robot_state,50,90,1.0,True,1.0,,,0.5366134990500128,,,,0,0,0.9920976747759568,0.3122745607351016
clean,wrist_camera_mask,state_action_history,50,90,1.0,True,1.0,,,0.39220427714807093,,,,0,0,0.8713625163642482,0.40494929377107547
clean,wrist_camera_mask,vlm_final,50,90,1.0,True,1.0,,,0.013044235950614332,,,,0,0,0.6458992312214517,0.9280706999518967
clean,wrist_camera_mask,action_expert_final,100,90,1.0,True,1.0,,,0.00987360663833318,,,,0,0,0.653772958050287,0.924412976685698
clean,wrist_camera_mask,action_uncertainty,100,90,1.0,True,1.0,,,0.25319346315272967,,,,0,0,0.8693324918715784,0.509866917422791
clean,wrist_camera_mask,policy_output,100,90,1.0,True,1.0,,,0.2505933032039737,,,,0,0,0.8721400509106293,0.5126220543539461
clean,wrist_camera_mask,robot_state,100,90,1.0,True,1.0,,,0.4687899455837659,,,,0,0,0.9600751740168708,0.35740226511008694
clean,wrist_camera_mask,state_action_history,100,90,1.0,True,1.0,,,0.27314076009732624,,,,0,0,0.853080481093071,0.5030701174439013
clean,wrist_camera_mask,vlm_final,100,90,1.0,True,1.0,,,0.00935348431990908,,,,0,0,0.6391016116281588,0.9407036714665362
instruction_paraphrase,clean,action_expert_final,0,90,1.0,True,0.34444444444444444,0.3740120746015932,0.5407326407873154,0.2697162918222525,0.3705229854600981,0.4313832695462001,0.39072847682119205,8,151,0.8199137653954961,0.3493744108966141
instruction_paraphrase,clean,action_uncertainty,0,90,1.0,True,0.34444444444444444,0.5422664409472061,0.6593767085839256,0.22379992492366313,0.52933579115271,0.65882996172772,0.6887417218543046,8,151,0.5385495397498377,0.45397464694651135
instruction_paraphrase,clean,policy_output,0,90,1.0,True,0.34444444444444444,0.3150281401129869,0.4559868780754511,0.32903049048295996,0.3466560235226209,0.5051940951339529,0.47019867549668876,8,151,0.9232276036278421,0.47931806213791794
instruction_paraphrase,clean,robot_state,0,90,1.0,True,0.34444444444444444,0.4884981875703289,0.6036085292509568,0.21952838028043586,0.5240474419316878,0.5773646801530891,0.6026490066225165,8,151,0.9981590720976244,0.34506155114169385
instruction_paraphrase,clean,state_action_history,0,90,1.0,True,0.34444444444444444,0.45433087717890047,0.5850191361399671,0.23387887333912954,0.33873501175289034,0.527063969382176,0.5298013245033113,8,151,0.9304740237012651,0.3780292746979781
instruction_paraphrase,clean,vlm_final,0,90,1.0,True,0.34444444444444444,0.3792653198584456,0.4100601421541826,0.29850013473070797,0.4072928376115349,0.44395844723892836,0.4503311258278146,8,151,0.7818470862813268,0.37276892823077024
instruction_paraphrase,clean,action_expert_final,50,90,1.0,True,0.34444444444444444,0.45854229987722334,0.5773646801530891,0.23204630848446842,0.3792413929853809,0.4833242208857299,0.45695364238410596,8,151,0.6128577234804372,0.2467975644791482
instruction_paraphrase,clean,action_uncertainty,50,90,1.0,True,0.34444444444444444,0.5239570548249716,0.6413340623291417,0.23906936221491337,0.534888375255446,0.6107162383816294,0.695364238410596,8,151,0.8145724438569105,0.4866421683359622
instruction_paraphrase,clean,policy_output,50,90,1.0,True,0.34444444444444444,0.34323110652273003,0.5177692728266812,0.25289526232870835,0.33692717469650507,0.4691088026243849,0.45695364238410596,8,151,0.8754265709194493,0.3860352107095991
instruction_paraphrase,clean,robot_state,50,90,1.0,True,0.34444444444444444,0.5040561739013517,0.6899945325314379,0.21027323746285673,0.38907842260392633,0.46692181519956266,0.46357615894039733,8,151,0.9913219197237753,0.3805113667356048
instruction_paraphrase,clean,state_action_history,50,90,1.0,True,0.34444444444444444,0.3977467828459772,0.5893931109896118,0.24633700997560845,0.3517971757301832,0.5314379442318207,0.5629139072847682,8,151,0.9692736433136097,0.32342187645882026
instruction_paraphrase,clean,vlm_final,50,90,1.0,True,0.34444444444444444,0.4037939386316719,0.48660470202296335,0.2737487188432648,0.3957220637516584,0.5166757791142701,0.5629139072847682,8,151,0.7666006205571275,0.3760035359597672
instruction_paraphrase,clean,action_expert_final,100,90,1.0,True,0.34444444444444444,0.6425737551287364,0.7495899398578458,0.17985277056908283,0.6654278793078251,0.7506834335702569,0.7152317880794702,8,151,0.6829472298617019,0.29876729024697657
instruction_paraphrase,clean,action_uncertainty,100,90,1.0,True,0.34444444444444444,0.42288049092437274,0.5757244395844724,0.24372126403357733,0.4648730616587643,0.5418261344997266,0.5761589403973509,8,151,0.7963398985223133,0.4854686147355317
instruction_paraphrase,clean,policy_output,100,90,1.0,True,0.34444444444444444,0.4643595121445213,0.558228540185894,0.22969063840812695,0.3534047953597731,0.5205030071077091,0.5298013245033113,8,151,0.8592757864196028,0.39184853878605186
instruction_paraphrase,clean,robot_state,100,90,1.0,True,0.34444444444444444,0.5134652628711482,0.7042099507927829,0.2196800185471802,0.4533410353362458,0.5358119190814653,0.5165562913907285,8,151,0.9770383983819874,0.43673693974845085
instruction_paraphrase,clean,state_action_history,100,90,1.0,True,0.34444444444444444,0.3798516006531429,0.5718972115910333,0.2451786201530708,0.5104645276243163,0.6167304537998907,0.6622516556291391,8,151,0.9064724596364819,0.39566463677121794
instruction_paraphrase,clean,vlm_final,100,90,1.0,True,0.34444444444444444,0.4994964478747208,0.5965008201202843,0.2417429835223016,0.6340981348896757,0.7020229633679606,0.7284768211920529,8,151,0.7550725197186776,0.40317198812011557
main_camera_blur,clean,action_expert_final,0,90,1.0,True,0.34444444444444444,0.3927900533434675,0.47348277747402956,0.30795338769523123,0.35527105692984795,0.42646254784034987,0.3841059602649007,8,151,0.8276386242333923,0.18131708508018254
main_camera_blur,clean,action_uncertainty,0,90,1.0,True,0.34444444444444444,0.3673774055318554,0.45872061235647893,0.26174816806327755,0.3956872231903681,0.48387096774193544,0.5364238410596026,8,151,0.6370553732108521,0.4558159635163867
main_camera_blur,clean,policy_output,0,90,1.0,True,0.34444444444444444,0.3374587058422551,0.49371241115363584,0.3790763905447749,0.42897278823400786,0.5166757791142701,0.5298013245033113,8,151,0.9207806837392752,0.5685158917356463
main_camera_blur,clean,robot_state,0,90,1.0,True,0.34444444444444444,0.6154636742386841,0.6664844177145981,0.22202087740757714,0.3747947635025371,0.5888463641334062,0.609271523178808,8,151,0.9981590655935405,0.415074952745227
main_camera_blur,clean,state_action_history,0,90,1.0,True,0.34444444444444444,0.36273696904873187,0.4904319300164024,0.3455021443143102,0.35350225680387115,0.541279387643521,0.5960264900662252,8,151,0.962138270742212,0.5233224548268659
main_camera_blur,clean,vlm_final,0,90,1.0,True,0.34444444444444444,0.425765831854259,0.5396391470749043,0.26572859841183866,0.3899439607614086,0.45325314379442316,0.4503311258278146,8,151,0.6872533133618521,0.24569233229258597
main_camera_blur,clean,action_expert_final,50,90,1.0,True,0.34444444444444444,0.31370281924863125,0.3903772553307818,0.29360386420306994,0.329324881001967,0.45051940951339525,0.4370860927152318,8,151,0.6395300537460805,0.1630250711279577
main_camera_blur,clean,action_uncertainty,50,90,1.0,True,0.34444444444444444,0.3821555847144807,0.5172225259704756,0.2525534223806039,0.4814476028913415,0.5702569710224166,0.609271523178808,8,151,0.9135439291991186,0.466585782011011
main_camera_blur,clean,policy_output,50,90,1.0,True,0.34444444444444444,0.49428044511444014,0.5893931109896117,0.2593386420440471,0.40704394604767713,0.562055768179333,0.5231788079470199,8,151,0.8924738725155874,0.4264822539512381
main_camera_blur,clean,robot_state,50,90,1.0,True,0.34444444444444444,0.5499349323006532,0.651175505740842,0.23821616460126271,0.35711277084154414,0.5215965008201202,0.5165562913907285,8,151,0.990466208512137,0.4385233612657757
main_camera_blur,clean,state_action_history,50,90,1.0,True,0.34444444444444444,0.37144996279200493,0.529797703663204,0.27938389400152,0.30590817926212654,0.44559868780754514,0.46357615894039733,8,151,0.9834518108228774,0.3704266320206726
main_camera_blur,clean,vlm_final,50,90,1.0,True,0.34444444444444444,0.43177995168974836,0.587752870420995,0.2582467993823369,0.4669932617082428,0.5795516675779114,0.5894039735099338,8,151,0.782273707559737,0.2167091959167668
main_camera_blur,clean,action_expert_final,100,90,1.0,True,0.34444444444444444,0.6618313187528879,0.7271733187534172,0.19729252687818832,0.6647493589565683,0.747949699289229,0.7748344370860927,8,151,0.4578505888210381,0.2519288783571762
main_camera_blur,clean,action_uncertainty,100,90,1.0,True,0.34444444444444444,0.29566994364403215,0.39147074904319296,0.2526861274514619,0.40375602638456487,0.5292509568069983,0.5960264900662252,8,151,0.899065719356821,0.46951886464568354
main_camera_blur,clean,policy_output,100,90,1.0,True,0.34444444444444444,0.4879265319083055,0.5910333515582284,0.24753266668036436,0.37692632412508054,0.5308911973756151,0.5165562913907285,8,151,0.835373918786895,0.4891983127300331
main_camera_blur,clean,robot_state,100,90,1.0,True,0.34444444444444444,0.608587748194378,0.6637506834335702,0.25496914449021535,0.3651761097689234,0.4948059048660471,0.5496688741721855,8,151,0.9882229578334407,0.49085131762377415
main_camera_blur,clean,state_action_history,100,90,1.0,True,0.34444444444444444,0.3964354280422427,0.5434663750683433,0.2842229039003582,0.4683354231448825,0.6085292509568071,0.6357615894039735,8,151,0.9684157022288264,0.4818497181833232
main_camera_blur,clean,vlm_final,100,90,1.0,True,0.34444444444444444,0.6721311383530676,0.7375615090213231,0.19141534204050004,0.634742927031142,0.6724986331328595,0.6225165562913907,8,151,0.48341136657492995,0.2831540367520413
wrist_camera_mask,clean,action_expert_final,0,90,0.0,False,0.34444444444444444,,,,,,,0,0,,
wrist_camera_mask,clean,action_uncertainty,0,90,0.0,False,0.34444444444444444,,,,,,,0,0,,
wrist_camera_mask,clean,policy_output,0,90,0.0,False,0.34444444444444444,,,,,,,0,0,,
wrist_camera_mask,clean,robot_state,0,90,0.0,False,0.34444444444444444,,,,,,,0,0,,
wrist_camera_mask,clean,state_action_history,0,90,0.0,False,0.34444444444444444,,,,,,,0,0,,
wrist_camera_mask,clean,vlm_final,0,90,0.0,False,0.34444444444444444,,,,,,,0,0,,
wrist_camera_mask,clean,action_expert_final,50,90,0.0,False,0.34444444444444444,,,,,,,0,0,,
wrist_camera_mask,clean,action_uncertainty,50,90,0.0,False,0.34444444444444444,,,,,,,0,0,,
wrist_camera_mask,clean,policy_output,50,90,0.0,False,0.34444444444444444,,,,,,,0,0,,
wrist_camera_mask,clean,robot_state,50,90,0.0,False,0.34444444444444444,,,,,,,0,0,,
wrist_camera_mask,clean,state_action_history,50,90,0.0,False,0.34444444444444444,,,,,,,0,0,,
wrist_camera_mask,clean,vlm_final,50,90,0.0,False,0.34444444444444444,,,,,,,0,0,,
wrist_camera_mask,clean,action_expert_final,100,90,0.0,False,0.34444444444444444,,,,,,,0,0,,
wrist_camera_mask,clean,action_uncertainty,100,90,0.0,False,0.34444444444444444,,,,,,,0,0,,
wrist_camera_mask,clean,policy_output,100,90,0.0,False,0.34444444444444444,,,,,,,0,0,,
wrist_camera_mask,clean,robot_state,100,90,0.0,False,0.34444444444444444,,,,,,,0,0,,
wrist_camera_mask,clean,state_action_history,100,90,0.0,False,0.34444444444444444,,,,,,,0,0,,
wrist_camera_mask,clean,vlm_final,100,90,0.0,False,0.34444444444444444,,,,,,,0,0,,
