feature_set,horizon,suite,episodes,failure_prevalence,auprc,auroc,brier,task_centered_auprc,task_centered_auroc,within_task_pairwise_auc,eligible_tasks,comparable_success_failure_pairs,task_eta_squared
action_expert_final,0,libero_10,100,0.56,0.7794637219729713,0.6838474025974027,0.26001591734246554,0.5352931565392776,0.461038961038961,0.41358024691358025,8,162,0.9444992442281401
action_expert_final,0,libero_goal,100,0.17,0.19942615029967503,0.44436569808646353,0.1525904122532974,0.2489476510035738,0.43373493975903615,0.43089430894308944,8,123,0.5087578507834322
action_expert_final,0,libero_object,100,0.33,0.3935976472407022,0.5757575757575757,0.2346216646239815,0.47126436817779194,0.623699683401176,0.6390532544378699,9,169,0.659775162531002
action_expert_final,0,libero_spatial,100,0.39,0.41460316600997116,0.548129466162253,0.276836743147418,0.48687875618387544,0.6216897856242118,0.650887573964497,8,169,0.9034711875775734
action_uncertainty,0,libero_10,100,0.56,0.668249430876292,0.650974025974026,0.25324850100065477,0.5836007179736522,0.515827922077922,0.48148148148148145,8,162,0.37098194053423655
action_uncertainty,0,libero_goal,100,0.17,0.17001120466886052,0.4975194897236003,0.2536402706800848,0.17915544687454937,0.44294826364280654,0.4878048780487805,8,123,0.6898747306281204
action_uncertainty,0,libero_object,100,0.33,0.39005571766191693,0.5291723202170963,0.2409934162880376,0.31960588030310977,0.4414292175486205,0.4319526627218935,9,169,0.3561171579084913
action_uncertainty,0,libero_spatial,100,0.39,0.3562913289062582,0.41866330390920553,0.253711681423677,0.34939795721328915,0.39638503572929806,0.3668639053254438,8,169,0.5293187790542717
all_diagnostic_features,0,libero_10,100,0.56,0.757092756133336,0.6749188311688312,0.25450598892159065,0.6216093912080666,0.5202922077922078,0.4506172839506173,8,162,0.9401054584365526
all_diagnostic_features,0,libero_goal,100,0.17,0.15859829628082614,0.4755492558469171,0.1604235410817247,0.2089886915633405,0.5067328136073707,0.5934959349593496,8,123,0.7132263290520415
all_diagnostic_features,0,libero_object,100,0.33,0.38392928885845035,0.6056083220262325,0.24535644269459883,0.4622766179839223,0.5753052917232021,0.6035502958579881,9,169,0.5917907977630533
all_diagnostic_features,0,libero_spatial,100,0.39,0.42066383340779123,0.4863387978142077,0.30494700249948026,0.36699175479105406,0.4560739806641446,0.44970414201183434,8,169,0.9210165307727165
layer_action_expert_layer_03,0,libero_10,100,0.56,0.6310406260320033,0.578327922077922,0.33474189399883736,0.6338287643255925,0.5328733766233766,0.5925925925925926,8,162,0.7834852856527047
layer_action_expert_layer_03,0,libero_goal,100,0.17,0.15822211007758633,0.4514528703047484,0.15913407985814992,0.17852073056564735,0.48547129695251595,0.45528455284552843,8,123,0.6431936043408379
layer_action_expert_layer_03,0,libero_object,100,0.33,0.3166658059038914,0.40208050655811856,0.2578895501048988,0.40660819479549415,0.5662596110357305,0.6449704142011834,9,169,0.4784807725390564
layer_action_expert_layer_03,0,libero_spatial,100,0.39,0.3805597609496555,0.4228667507356032,0.3001570574752091,0.3816579496746408,0.4585960487599832,0.44970414201183434,8,169,0.6343817474582629
layer_action_expert_layer_07,0,libero_10,100,0.56,0.6516497158945618,0.6254058441558442,0.3106103093394775,0.5494524241803154,0.4829545454545454,0.5061728395061729,8,162,0.8794152004423399
layer_action_expert_layer_07,0,libero_goal,100,0.17,0.14448816402080952,0.39900779588944013,0.1754549089308242,0.15288572397465225,0.3359319631467044,0.3333333333333333,8,123,0.8292488511850203
layer_action_expert_layer_07,0,libero_object,100,0.33,0.3965954530819146,0.606060606060606,0.22205153246328646,0.4230434071083292,0.608322026232474,0.650887573964497,9,169,0.6903891333756094
layer_action_expert_layer_07,0,libero_spatial,100,0.39,0.41377138208653724,0.4649012189995797,0.29096735672444385,0.4241258122106794,0.5229087852038672,0.514792899408284,8,169,0.6097290998143818
layer_action_expert_layer_11,0,libero_10,100,0.56,0.6940410691190619,0.6603084415584415,0.2784731718785725,0.5855031152750823,0.497564935064935,0.46296296296296297,8,162,0.9324073315963985
layer_action_expert_layer_11,0,libero_goal,100,0.17,0.16480611044941101,0.4720056697377747,0.18490187846429973,0.19441797805607824,0.3472714386959603,0.37398373983739835,8,123,0.9035668506902419
layer_action_expert_layer_11,0,libero_object,100,0.33,0.3881448132135452,0.5784712799638173,0.2317329173786451,0.460063116958524,0.613749434644957,0.6153846153846154,9,169,0.7567844735744961
layer_action_expert_layer_11,0,libero_spatial,100,0.39,0.3631159268116115,0.44976881042454814,0.29440691352893045,0.3971804193169147,0.5245901639344263,0.5325443786982249,8,169,0.8760783314828274
layer_action_expert_layer_15,0,libero_10,100,0.56,0.7794637219729713,0.6838474025974027,0.26001591734246554,0.5352931565392776,0.461038961038961,0.41358024691358025,8,162,0.9444992442281401
layer_action_expert_layer_15,0,libero_goal,100,0.17,0.19942615029967503,0.44436569808646353,0.1525904122532974,0.2489476510035738,0.43373493975903615,0.43089430894308944,8,123,0.5087578507834322
layer_action_expert_layer_15,0,libero_object,100,0.33,0.3935976472407022,0.5757575757575757,0.2346216646239815,0.47126436817779194,0.623699683401176,0.6390532544378699,9,169,0.659775162531002
layer_action_expert_layer_15,0,libero_spatial,100,0.39,0.41460316600997116,0.548129466162253,0.276836743147418,0.48687875618387544,0.6216897856242118,0.650887573964497,8,169,0.9034711875775734
layer_vlm_layer_03,0,libero_10,100,0.56,0.6195073924208139,0.6075487012987012,0.28330127320974835,0.6300004419157756,0.5531655844155845,0.5679012345679012,8,162,0.8148424600514669
layer_vlm_layer_03,0,libero_goal,100,0.17,0.2573948023500656,0.5818568391211907,0.14746089161744705,0.3106149765323801,0.6484762579730687,0.6910569105691057,8,123,0.3178006145284324
layer_vlm_layer_03,0,libero_object,100,0.33,0.44968618020498297,0.5450022614201719,0.2549503414167501,0.37598600506252045,0.48801447308909995,0.514792899408284,9,169,0.5175443245869689
layer_vlm_layer_03,0,libero_spatial,100,0.39,0.3438409946738039,0.280369903320723,0.3136772827358136,0.3428971134131013,0.42580916351408155,0.378698224852071,8,169,0.6934537592219865
layer_vlm_layer_07,0,libero_10,100,0.56,0.6249245931543643,0.6209415584415584,0.28153849808269377,0.6110922961723676,0.5620941558441559,0.5740740740740741,8,162,0.778603347164625
layer_vlm_layer_07,0,libero_goal,100,0.17,0.2471796227433704,0.5683912119064494,0.1500304905297076,0.2886586354502699,0.6215450035435861,0.6585365853658537,8,123,0.36084892287465475
layer_vlm_layer_07,0,libero_object,100,0.33,0.44885149711497674,0.5694255992763455,0.24532308852217305,0.36956445041567576,0.48258706467661694,0.4911242603550296,9,169,0.4657064692830735
layer_vlm_layer_07,0,libero_spatial,100,0.39,0.3362412923299128,0.3064312736443884,0.3073566392907991,0.35567622341370064,0.41908364859184527,0.378698224852071,8,169,0.6810356094007025
layer_vlm_layer_11,0,libero_10,100,0.56,0.6363855003295341,0.6314935064935064,0.2738357024755754,0.61732080164749,0.5738636363636362,0.5987654320987654,8,162,0.8139289594793727
layer_vlm_layer_11,0,libero_goal,100,0.17,0.24493123730559468,0.554925584691708,0.14754427070079487,0.2982902831801044,0.6250885896527285,0.6666666666666666,8,123,0.35024399498541603
layer_vlm_layer_11,0,libero_object,100,0.33,0.44301186350535615,0.5305291723202171,0.26586272004848366,0.40138663107606076,0.48123021257349613,0.4911242603550296,9,169,0.5185484943703212
layer_vlm_layer_11,0,libero_spatial,100,0.39,0.3285674926548482,0.29508196721311475,0.317060601583949,0.32831710400576064,0.41277847835224885,0.3727810650887574,8,169,0.7203547609844091
layer_vlm_layer_15,0,libero_10,100,0.56,0.6309898349553679,0.6245941558441558,0.2899168142818824,0.6351996097774303,0.5507305194805194,0.5308641975308642,8,162,0.7268386516409674
layer_vlm_layer_15,0,libero_goal,100,0.17,0.26547054513035956,0.5839829907866761,0.1466816343524112,0.31087993681106457,0.6456413890857547,0.7235772357723578,8,123,0.3926520804626748
layer_vlm_layer_15,0,libero_object,100,0.33,0.4292899662978117,0.5192220714608774,0.26205992525325505,0.3876372088450565,0.4694708276797829,0.46745562130177515,9,169,0.5209299179721198
layer_vlm_layer_15,0,libero_spatial,100,0.39,0.36458597780978697,0.3135771332492644,0.30831191124781143,0.33933606342755207,0.426649852879361,0.378698224852071,8,169,0.7086430992566257
majority_baseline,0,libero_10,100,0.56,0.4616950113378685,0.29707792207792205,0.2886337890625,0.5521428571428572,0.48376623376623373,0.5,8,162,1.0000000000000004
majority_baseline,0,libero_goal,100,0.17,0.16411764705882353,0.4397590361445783,0.17749414062500002,0.16895424836601308,0.49645641389085754,0.5,8,123,1.0000000000000024
majority_baseline,0,libero_object,100,0.33,0.3147979797979798,0.43441881501582996,0.22518457031249994,0.34696969696969693,0.536182722749887,0.5,9,169,1.0000000000000004
majority_baseline,0,libero_spatial,100,0.39,0.35213675213675216,0.3886086591004624,0.243046875,0.435018315018315,0.5693568726355611,0.5,8,169,1.000000000000002
policy_output,0,libero_10,100,0.56,0.5553559998318927,0.5511363636363636,0.2696683749283469,0.5650875005533328,0.528814935064935,0.5555555555555556,8,162,0.8199555778356227
policy_output,0,libero_goal,100,0.17,0.18086436431416728,0.5421686746987951,0.23126481017687886,0.19709064632409207,0.5251594613749114,0.5447154471544715,8,123,0.7947277759197761
policy_output,0,libero_object,100,0.33,0.30385743858421826,0.4690185436454093,0.26963179342731397,0.2940463170431681,0.4491180461329715,0.3727810650887574,9,169,0.4293033749347534
policy_output,0,libero_spatial,100,0.39,0.35159104212255243,0.45102984447246747,0.2816385381877939,0.39839378879930315,0.5456073980664145,0.5739644970414202,8,169,0.5260819726856597
robot_state,0,libero_10,100,0.56,0.7014864524719827,0.6700487012987013,0.24531454825973484,0.6265401685691754,0.575487012987013,0.5925925925925926,8,162,0.9961525457272009
robot_state,0,libero_goal,100,0.17,0.14043667792756304,0.39404677533664073,0.14925526945838347,0.14489028373544668,0.4174344436569809,0.42276422764227645,8,123,0.3810778777393701
robot_state,0,libero_object,100,0.33,0.268900003712217,0.35232926277702403,0.23664811254313656,0.3177187323698945,0.46766169154228854,0.47928994082840237,9,169,0.8123938538722313
robot_state,0,libero_spatial,100,0.39,0.35007153372068367,0.45523329129886503,0.25842148783398855,0.3633069724756416,0.4691046658259773,0.4556213017751479,8,169,0.6207398706313423
state_action_history,0,libero_10,100,0.56,0.5760450217391304,0.578327922077922,0.24832123532402478,0.5413329481578006,0.4772727272727273,0.43209876543209874,8,162,0.9133735121223988
state_action_history,0,libero_goal,100,0.17,0.18733252652128593,0.5542168674698795,0.1800700806838065,0.18633327128419191,0.4847625797306875,0.5365853658536586,8,123,0.8531135683332197
state_action_history,0,libero_object,100,0.33,0.3727858244066581,0.5178652193577566,0.26170866160901046,0.27652805582969886,0.40117593848937133,0.35502958579881655,9,169,0.6689619464857992
state_action_history,0,libero_spatial,100,0.39,0.32626166726612543,0.38251366120218583,0.28677700390232447,0.44477398427107906,0.5481294661622531,0.5384615384615384,8,169,0.7816559018807445
vlm_action_expert,0,libero_10,100,0.56,0.7642014939591131,0.6814123376623377,0.2485762032634849,0.6216653666105575,0.5133928571428571,0.4567901234567901,8,162,0.9496111869781891
vlm_action_expert,0,libero_goal,100,0.17,0.15809005686192706,0.47129695251594617,0.1611824113805902,0.2072105043527301,0.5109851169383417,0.5853658536585366,8,123,0.7216950775560053
vlm_action_expert,0,libero_object,100,0.33,0.39250712544079736,0.6074174581637268,0.2527543218862775,0.4944798373724879,0.5938489371325193,0.6094674556213018,9,169,0.541175212826972
vlm_action_expert,0,libero_spatial,100,0.39,0.41900219649747283,0.4901218999579655,0.30386794191681366,0.3804784690051341,0.4686843211433375,0.46745562130177515,8,169,0.9114501434626694
vlm_final,0,libero_10,100,0.56,0.6309898349553679,0.6245941558441558,0.2899168142818824,0.6351996097774303,0.5507305194805194,0.5308641975308642,8,162,0.7268386516409674
vlm_final,0,libero_goal,100,0.17,0.26547054513035956,0.5839829907866761,0.1466816343524112,0.31087993681106457,0.6456413890857547,0.7235772357723578,8,123,0.3926520804626748
vlm_final,0,libero_object,100,0.33,0.4292899662978117,0.5192220714608774,0.26205992525325505,0.3876372088450565,0.4694708276797829,0.46745562130177515,9,169,0.5209299179721198
vlm_final,0,libero_spatial,100,0.39,0.36458597780978697,0.3135771332492644,0.30831191124781143,0.33933606342755207,0.426649852879361,0.378698224852071,8,169,0.7086430992566257
action_expert_final,50,libero_10,100,0.56,0.7900011986670435,0.6915584415584416,0.2653028467605574,0.6858321117289533,0.5499188311688311,0.5802469135802469,8,162,0.7702554825240775
action_expert_final,50,libero_goal,100,0.17,0.4037752308434884,0.7108433734939759,0.13027845565006496,0.5073493971265104,0.6406803685329554,0.6016260162601627,8,123,0.7635926686212898
action_expert_final,50,libero_object,100,0.33,0.48659530361682557,0.6236996834011759,0.21062487828905296,0.5257401805737894,0.66078697421981,0.6745562130177515,9,169,0.7068157959907388
action_expert_final,50,libero_spatial,100,0.39,0.6446150116240226,0.6973518284993696,0.2227074629577084,0.6204860187346853,0.6612021857923498,0.7396449704142012,8,169,0.5226151194996909
action_uncertainty,50,libero_10,100,0.56,0.6497531942005673,0.5657467532467532,0.250777780925847,0.5674631107829691,0.48417207792207795,0.4876543209876543,8,162,0.6410786010799371
action_uncertainty,50,libero_goal,100,0.17,0.141132990415312,0.3253012048192771,0.24294064135309104,0.19601497842735027,0.39546420978029767,0.3983739837398374,8,123,0.5297841175199257
action_uncertainty,50,libero_object,100,0.33,0.3255786901009625,0.45816372682044326,0.2590447262516128,0.45630562163914856,0.5300768882858435,0.5088757396449705,9,169,0.5645267173177368
action_uncertainty,50,libero_spatial,100,0.39,0.4505844922082351,0.516183270281631,0.25208578346512484,0.4583526080036633,0.5380411937788987,0.5562130177514792,8,169,0.6337106078321425
all_diagnostic_features,50,libero_10,100,0.56,0.7483971540294202,0.698051948051948,0.2645827981315035,0.7223391336160554,0.5998376623376624,0.6172839506172839,8,162,0.8660123847149331
all_diagnostic_features,50,libero_goal,100,0.17,0.31813049463650234,0.6513111268603827,0.13203135791408868,0.48355597723507776,0.7257264351523742,0.6910569105691057,8,123,0.5535297518744102
all_diagnostic_features,50,libero_object,100,0.33,0.46817969536928444,0.6983265490728178,0.2040638112464714,0.5323532887096529,0.6906377204884667,0.7514792899408284,9,169,0.5589369273555751
all_diagnostic_features,50,libero_spatial,100,0.39,0.5962462947765262,0.6855821773854561,0.22220304228731227,0.6045729207285822,0.6288356452290879,0.6745562130177515,8,169,0.7661867816873903
layer_action_expert_layer_03,50,libero_10,100,0.56,0.6262099219066154,0.5535714285714286,0.27495575506721326,0.6234027231159869,0.551948051948052,0.5679012345679012,8,162,0.7293090614304311
layer_action_expert_layer_03,50,libero_goal,100,0.17,0.2662499132655848,0.6562721474131821,0.13596482064080095,0.3826574837224622,0.6605244507441531,0.6178861788617886,8,123,0.5830451625454882
layer_action_expert_layer_03,50,libero_object,100,0.33,0.33275471337734885,0.5133423790140208,0.22938336776765325,0.41136943691542927,0.5843509724106739,0.6331360946745562,9,169,0.4325899869548596
layer_action_expert_layer_03,50,libero_spatial,100,0.39,0.5058393521079431,0.6099201345102985,0.23918049494282823,0.5256691718191688,0.5914249684741488,0.5798816568047337,8,169,0.7538135752236576
layer_action_expert_layer_07,50,libero_10,100,0.56,0.6444544624426786,0.5957792207792207,0.28688793093648335,0.593468440657874,0.5040584415584416,0.47530864197530864,8,162,0.7933576935779445
layer_action_expert_layer_07,50,libero_goal,100,0.17,0.25920906132897675,0.556343019135365,0.14307422413005602,0.3358694243694089,0.5669737774627923,0.4796747967479675,8,123,0.7719908393335574
layer_action_expert_layer_07,50,libero_object,100,0.33,0.553370769270761,0.642243328810493,0.20604728822073934,0.5071006243495043,0.6883763003165988,0.7514792899408284,9,169,0.814584320441574
layer_action_expert_layer_07,50,libero_spatial,100,0.39,0.5337599160552159,0.5901639344262295,0.24436530456456354,0.5600730569925798,0.6103404791929382,0.6627218934911243,8,169,0.6000687799343616
layer_action_expert_layer_11,50,libero_10,100,0.56,0.7469217430901172,0.6603084415584416,0.2818018988370835,0.6416487726179495,0.520698051948052,0.5370370370370371,8,162,0.8275957427963317
layer_action_expert_layer_11,50,libero_goal,100,0.17,0.42692955898494306,0.6583982990786675,0.13758009647837452,0.4929139602506335,0.6428065201984409,0.6504065040650406,8,123,0.878754586888625
layer_action_expert_layer_11,50,libero_object,100,0.33,0.49605409919275634,0.6363636363636362,0.21012855769189417,0.5177233494913904,0.6793306196291271,0.7159763313609467,9,169,0.7331812319173593
layer_action_expert_layer_11,50,libero_spatial,100,0.39,0.477127596909644,0.5931063472047079,0.2433504782088669,0.565003020321554,0.5989911727616646,0.650887573964497,8,169,0.4782700057454479
layer_action_expert_layer_15,50,libero_10,100,0.56,0.7900011986670435,0.6915584415584416,0.2653028467605574,0.6858321117289533,0.5499188311688311,0.5802469135802469,8,162,0.7702554825240775
layer_action_expert_layer_15,50,libero_goal,100,0.17,0.4037752308434884,0.7108433734939759,0.13027845565006496,0.5073493971265104,0.6406803685329554,0.6016260162601627,8,123,0.7635926686212898
layer_action_expert_layer_15,50,libero_object,100,0.33,0.48659530361682557,0.6236996834011759,0.21062487828905296,0.5257401805737894,0.66078697421981,0.6745562130177515,9,169,0.7068157959907388
layer_action_expert_layer_15,50,libero_spatial,100,0.39,0.6446150116240226,0.6973518284993696,0.2227074629577084,0.6204860187346853,0.6612021857923498,0.7396449704142012,8,169,0.5226151194996909
layer_vlm_layer_03,50,libero_10,100,0.56,0.620154652808327,0.5905032467532467,0.2907922653177501,0.6641291002712766,0.609172077922078,0.6728395061728395,8,162,0.8419906640527856
layer_vlm_layer_03,50,libero_goal,100,0.17,0.2981288496393963,0.6456413890857549,0.13706268775893454,0.4207245621309178,0.6888731396172927,0.7235772357723578,8,123,0.5866503178983373
layer_vlm_layer_03,50,libero_object,100,0.33,0.4747675012498319,0.5802804161013116,0.22065749325203474,0.4576100850568273,0.5522388059701493,0.6094674556213018,9,169,0.4598942396285123
layer_vlm_layer_03,50,libero_spatial,100,0.39,0.5364063246080373,0.6242118537200504,0.23352009445664504,0.5135661372057739,0.6010928961748635,0.6568047337278107,8,169,0.5951154154418313
layer_vlm_layer_07,50,libero_10,100,0.56,0.6341141638562798,0.6018668831168831,0.2814680391775885,0.6716825042390037,0.6079545454545454,0.6666666666666666,8,162,0.8035451399838296
layer_vlm_layer_07,50,libero_goal,100,0.17,0.3454525984744946,0.6413890857547838,0.13641784250045574,0.39016813684920304,0.6598157335223246,0.7154471544715447,8,123,0.6162171981527069
layer_vlm_layer_07,50,libero_object,100,0.33,0.46287247618826877,0.5784712799638173,0.21826130406656646,0.44910457402029025,0.5468113975576663,0.5976331360946746,9,169,0.4023574709869883
layer_vlm_layer_07,50,libero_spatial,100,0.39,0.4766592655574804,0.5872215216477512,0.2424894691103875,0.5302871056081303,0.5779739386296763,0.6272189349112426,8,169,0.7115635633656544
layer_vlm_layer_11,50,libero_10,100,0.56,0.6263987776679728,0.6002435064935064,0.2813940859609657,0.6689919117889641,0.6002435064935064,0.6481481481481481,8,162,0.8141190454180577
layer_vlm_layer_11,50,libero_goal,100,0.17,0.3329076747891433,0.6520198440822111,0.13596856557884132,0.4180503240596443,0.6654854712969525,0.7073170731707317,8,123,0.5902347113262038
layer_vlm_layer_11,50,libero_object,100,0.33,0.44790257760994623,0.5567616463138851,0.22561611375688922,0.45129593008461044,0.5377657168701944,0.5798816568047337,9,169,0.44460411380566567
layer_vlm_layer_11,50,libero_spatial,100,0.39,0.4978952138676553,0.592686002522068,0.24374091165207123,0.45936901024566584,0.5611601513240857,0.621301775147929,8,169,0.7215968429985011
layer_vlm_layer_15,50,libero_10,100,0.56,0.6311601401783665,0.5998376623376623,0.29626124835965134,0.6454770625716715,0.5917207792207793,0.6358024691358025,8,162,0.8253878433761958
layer_vlm_layer_15,50,libero_goal,100,0.17,0.2674390874107385,0.6385542168674698,0.13859994224823174,0.36989100391972424,0.6732813607370658,0.7154471544715447,8,123,0.5887421714355653
layer_vlm_layer_15,50,libero_object,100,0.33,0.4677683254077267,0.5572139303482587,0.22199672938954648,0.48110657296719284,0.5540479421076436,0.6094674556213018,9,169,0.41810979794598013
layer_vlm_layer_15,50,libero_spatial,100,0.39,0.550113049832798,0.621689785624212,0.2320114172944113,0.492847636530718,0.5985708280790247,0.6568047337278107,8,169,0.6820520200987041
majority_baseline,50,libero_10,100,0.56,0.4616950113378685,0.29707792207792205,0.2886337890625,0.5521428571428572,0.48376623376623373,0.5,8,162,1.0000000000000004
majority_baseline,50,libero_goal,100,0.17,0.16411764705882353,0.4397590361445783,0.17749414062500002,0.16895424836601308,0.49645641389085754,0.5,8,123,1.0000000000000024
majority_baseline,50,libero_object,100,0.33,0.3147979797979798,0.43441881501582996,0.22518457031249994,0.34696969696969693,0.536182722749887,0.5,9,169,1.0000000000000004
majority_baseline,50,libero_spatial,100,0.39,0.35213675213675216,0.3886086591004624,0.243046875,0.435018315018315,0.5693568726355611,0.5,8,169,1.000000000000002
policy_output,50,libero_10,100,0.56,0.5801767868286569,0.5909090909090909,0.2530261826455194,0.565824815343166,0.5267857142857144,0.5185185185185185,8,162,0.8556629642787406
policy_output,50,libero_goal,100,0.17,0.1480067054889002,0.4344436569808646,0.20475794641663228,0.16453387944253137,0.47696669029057404,0.4715447154471545,8,123,0.8435556416156385
policy_output,50,libero_object,100,0.33,0.3722739297081692,0.5400271370420624,0.22503078501309393,0.41815574337227657,0.5748530076888286,0.6094674556213018,9,169,0.582098622525847
policy_output,50,libero_spatial,100,0.39,0.5045110534966916,0.5817570407734343,0.23802086490905072,0.4292363506372567,0.5645229087852038,0.5857988165680473,8,169,0.791483032249556
robot_state,50,libero_10,100,0.56,0.6888286777989414,0.6773538961038961,0.23233516652687466,0.5438036725643678,0.45211038961038963,0.4691358024691358,8,162,0.9936741604123187
robot_state,50,libero_goal,100,0.17,0.17891562904622932,0.515946137491141,0.16042284232344262,0.19024361328943837,0.5180722891566265,0.5528455284552846,8,123,0.952067480582669
robot_state,50,libero_object,100,0.33,0.4563782970944733,0.572139303482587,0.22478784191440085,0.42448931542738144,0.5260063319764813,0.514792899408284,9,169,0.6902344788354998
robot_state,50,libero_spatial,100,0.39,0.3607340808515312,0.4451450189155107,0.26789279603980115,0.4493540504410682,0.5317360235393023,0.5621301775147929,8,169,0.9437527918198643
state_action_history,50,libero_10,100,0.56,0.5918156475931766,0.6189123376623376,0.2691338144831108,0.591370490233388,0.48863636363636365,0.4506172839506173,8,162,0.9095497082309715
state_action_history,50,libero_goal,100,0.17,0.17335291135572,0.4727143869596031,0.15587360286330212,0.19259695359433818,0.5258681785967398,0.5121951219512195,8,123,0.7877397796476292
state_action_history,50,libero_object,100,0.33,0.3659521167862224,0.5115332428765265,0.22496055194523767,0.31645891824132444,0.4839439167797377,0.5088757396449705,9,169,0.6544422389046425
state_action_history,50,libero_spatial,100,0.39,0.3847427329956149,0.45102984447246747,0.2804508737820349,0.4563205268988616,0.5577973938629677,0.5621301775147929,8,169,0.7135942332721031
vlm_action_expert,50,libero_10,100,0.56,0.7784836410000846,0.716314935064935,0.2577439287397304,0.7255380675804578,0.606737012987013,0.6296296296296297,8,162,0.8546348310306284
vlm_action_expert,50,libero_goal,100,0.17,0.3187177659361915,0.6569808646350106,0.13248230658529814,0.4743168054449691,0.7172218284904324,0.6991869918699187,8,123,0.5810056988023796
vlm_action_expert,50,libero_object,100,0.33,0.47896473899724634,0.6960651289009497,0.20232073256634098,0.5348387431837782,0.6933514246947083,0.7218934911242604,9,169,0.5305506914774631
vlm_action_expert,50,libero_spatial,100,0.39,0.5968682194209133,0.6939890710382514,0.2200710819522422,0.6098268132295902,0.6359815048339639,0.6982248520710059,8,169,0.7379316985989537
vlm_final,50,libero_10,100,0.56,0.6311601401783665,0.5998376623376623,0.29626124835965134,0.6454770625716715,0.5917207792207793,0.6358024691358025,8,162,0.8253878433761958
vlm_final,50,libero_goal,100,0.17,0.2674390874107385,0.6385542168674698,0.13859994224823174,0.36989100391972424,0.6732813607370658,0.7154471544715447,8,123,0.5887421714355653
vlm_final,50,libero_object,100,0.33,0.4677683254077267,0.5572139303482587,0.22199672938954648,0.48110657296719284,0.5540479421076436,0.6094674556213018,9,169,0.41810979794598013
vlm_final,50,libero_spatial,100,0.39,0.550113049832798,0.621689785624212,0.2320114172944113,0.492847636530718,0.5985708280790247,0.6568047337278107,8,169,0.6820520200987041
action_expert_final,100,libero_10,100,0.56,0.8668088383447341,0.8096590909090909,0.19012036923561612,0.8223294711105591,0.7276785714285714,0.7469135802469136,8,162,0.6403783571494807
action_expert_final,100,libero_goal,100,0.17,0.5670167008567305,0.8781006378454996,0.10597355289597253,0.7719148008022472,0.8752657689581858,0.8780487804878049,8,123,0.6714240918712584
action_expert_final,100,libero_object,100,0.33,0.9380223204536839,0.9728629579375849,0.10192098386251094,0.9063605248281459,0.9479873360470374,0.9763313609467456,9,169,0.26215713572876154
action_expert_final,100,libero_spatial,100,0.39,0.9192561688048126,0.9184531315678857,0.1407948515633286,0.827449828920204,0.825136612021858,0.9053254437869822,8,169,0.2788404277881855
action_uncertainty,100,libero_10,100,0.56,0.632997777829887,0.5730519480519479,0.2511021135296139,0.5717323114811187,0.49756493506493504,0.5061728395061729,8,162,0.5029862687807383
action_uncertainty,100,libero_goal,100,0.17,0.14405319309887996,0.4046775336640681,0.2419111610411947,0.2314690621622007,0.5783132530120482,0.6585365853658537,8,123,0.48724433794242716
action_uncertainty,100,libero_object,100,0.33,0.318740192603591,0.44957033016734516,0.24730572859820119,0.44565504518313714,0.5169606512890095,0.514792899408284,9,169,0.5784017772986361
action_uncertainty,100,libero_spatial,100,0.39,0.3896241009302304,0.44808743169398907,0.2517389754490573,0.47282392425670194,0.566204287515763,0.6035502958579881,8,169,0.6872302678622709
all_diagnostic_features,100,libero_10,100,0.56,0.8502542068863649,0.8226461038961038,0.18343781862297148,0.8282279177471739,0.7593344155844155,0.8395061728395061,8,162,0.7512608646859458
all_diagnostic_features,100,libero_goal,100,0.17,0.7085615999459315,0.8837703756201275,0.1023888469261393,0.7532706950418298,0.8490432317505315,0.8292682926829268,8,123,0.4361113455846258
all_diagnostic_features,100,libero_object,100,0.33,0.948787505269234,0.9651741293532339,0.09757000925728924,0.9013818963417244,0.9484396200814111,0.9763313609467456,9,169,0.2242795692650274
all_diagnostic_features,100,libero_spatial,100,0.39,0.9361927649836028,0.9306431273644388,0.13093509549677435,0.8408777767845412,0.8348045397225725,0.893491124260355,8,169,0.4526249449433479
layer_action_expert_layer_03,100,libero_10,100,0.56,0.7408158598452639,0.7353896103896105,0.20546253896974234,0.8087889981295404,0.7321428571428571,0.7901234567901234,8,162,0.6489023427580297
layer_action_expert_layer_03,100,libero_goal,100,0.17,0.520283154266372,0.8476257973068746,0.11724045508147153,0.6635503416185913,0.7817150956768251,0.7804878048780488,8,123,0.5202605231884774
layer_action_expert_layer_03,100,libero_object,100,0.33,0.9128758275231816,0.9561284486657621,0.11760077062663495,0.8874387025471888,0.9511533242876526,0.9704142011834319,9,169,0.20831134038938404
layer_action_expert_layer_03,100,libero_spatial,100,0.39,0.7696940811154667,0.7683900798654898,0.17898604890234066,0.7798212531916188,0.7965531736023539,0.8579881656804734,8,169,0.6433843645291796
layer_action_expert_layer_07,100,libero_10,100,0.56,0.7895600525364049,0.7877435064935066,0.19378089201079843,0.8205367850523274,0.7313311688311688,0.7469135802469136,8,162,0.6824479798752016
layer_action_expert_layer_07,100,libero_goal,100,0.17,0.6064124021568601,0.8440822111977322,0.11255622401691162,0.7231142506546108,0.776045357902197,0.7804878048780488,8,123,0.5453124748197548
layer_action_expert_layer_07,100,libero_object,100,0.33,0.9677715374857563,0.9755766621438263,0.09726157147718587,0.8982153271316687,0.9547715965626413,0.9763313609467456,9,169,0.3322135766127948
layer_action_expert_layer_07,100,libero_spatial,100,0.39,0.8289268347470764,0.8474148802017655,0.16451378212593723,0.7989037910934446,0.8011769651113914,0.8461538461538461,8,169,0.43004317008057946
layer_action_expert_layer_11,100,libero_10,100,0.56,0.8865610354462796,0.8506493506493507,0.1812767555675286,0.8153941975057175,0.7325487012987013,0.7716049382716049,8,162,0.6369834037795676
layer_action_expert_layer_11,100,libero_goal,100,0.17,0.6639131963850363,0.8447909284195607,0.10911459137342894,0.72988584620274,0.8100637845499646,0.7804878048780488,8,123,0.6856514049716437
layer_action_expert_layer_11,100,libero_object,100,0.33,0.9210524354391281,0.9651741293532339,0.09913878025521262,0.8900295435633566,0.9443690637720488,0.9704142011834319,9,169,0.27499993068087397
layer_action_expert_layer_11,100,libero_spatial,100,0.39,0.826354218300108,0.8684321143337538,0.15732831855107224,0.8068813899789445,0.8146279949558637,0.8579881656804734,8,169,0.32089013637084945
layer_action_expert_layer_15,100,libero_10,100,0.56,0.8668088383447341,0.8096590909090909,0.19012036923561612,0.8223294711105591,0.7276785714285714,0.7469135802469136,8,162,0.6403783571494807
layer_action_expert_layer_15,100,libero_goal,100,0.17,0.5670167008567305,0.8781006378454996,0.10597355289597253,0.7719148008022472,0.8752657689581858,0.8780487804878049,8,123,0.6714240918712584
layer_action_expert_layer_15,100,libero_object,100,0.33,0.9380223204536839,0.9728629579375849,0.10192098386251094,0.9063605248281459,0.9479873360470374,0.9763313609467456,9,169,0.26215713572876154
layer_action_expert_layer_15,100,libero_spatial,100,0.39,0.9192561688048126,0.9184531315678857,0.1407948515633286,0.827449828920204,0.825136612021858,0.9053254437869822,8,169,0.2788404277881855
layer_vlm_layer_03,100,libero_10,100,0.56,0.7643614177853824,0.7232142857142857,0.2160275315658539,0.7738983202103964,0.7207792207792207,0.7901234567901234,8,162,0.6731107382457568
layer_vlm_layer_03,100,libero_goal,100,0.17,0.4145386424438354,0.7491141034727143,0.12432344865605582,0.5917086683060816,0.7094259390503189,0.7073170731707317,8,123,0.5858589637964025
layer_vlm_layer_03,100,libero_object,100,0.33,0.8568991870129083,0.9122568973315242,0.13004681195881193,0.8246126499590232,0.921302578018996,0.9526627218934911,9,169,0.3264561846498407
layer_vlm_layer_03,100,libero_spatial,100,0.39,0.8598028212005924,0.8705338377469526,0.15471610815979678,0.7889311414041924,0.8049600672551493,0.8698224852071006,8,169,0.4134891746539075
layer_vlm_layer_07,100,libero_10,100,0.56,0.7838760306475145,0.7349837662337663,0.20999927552758485,0.7861611166210032,0.7219967532467533,0.7839506172839507,8,162,0.5982191146753991
layer_vlm_layer_07,100,libero_goal,100,0.17,0.43619836028533976,0.7597448618001417,0.12347931311199307,0.5538663112613097,0.7299787384833452,0.7398373983739838,8,123,0.5719354499949056
layer_vlm_layer_07,100,libero_object,100,0.33,0.8738173585626896,0.9199457259158753,0.12800595056672787,0.8287720726413194,0.9163274536408865,0.9526627218934911,9,169,0.30129289273450566
layer_vlm_layer_07,100,libero_spatial,100,0.39,0.8402978746423524,0.85708280790248,0.15820279854216657,0.798628556196796,0.805380411937789,0.8698224852071006,8,169,0.45819179464239407
layer_vlm_layer_11,100,libero_10,100,0.56,0.7861599138802191,0.7349837662337663,0.20968148787161003,0.7787973920293851,0.7171266233766234,0.7777777777777778,8,162,0.6291341249344939
layer_vlm_layer_11,100,libero_goal,100,0.17,0.43157715891859655,0.7519489723600283,0.12603416527854372,0.5898588390540426,0.732813607370659,0.7479674796747967,8,123,0.6325500788402687
layer_vlm_layer_11,100,libero_object,100,0.33,0.8243096348460033,0.898236092265943,0.13329231796813074,0.8196301802614702,0.9122568973315242,0.9526627218934911,9,169,0.3104204260864183
layer_vlm_layer_11,100,libero_spatial,100,0.39,0.8335922433055525,0.8495166036149642,0.16040735222535907,0.7788169433605531,0.7927700714585961,0.8698224852071006,8,169,0.49287246728289746
layer_vlm_layer_15,100,libero_10,100,0.56,0.7511853164495939,0.7219967532467533,0.22016307001924013,0.7694474992861752,0.7126623376623377,0.7592592592592593,8,162,0.6353052642646876
layer_vlm_layer_15,100,libero_goal,100,0.17,0.4582367716275299,0.7562012756909993,0.1256316169452561,0.58295418214448,0.7739192062367115,0.7804878048780488,8,123,0.5981560361998028
layer_vlm_layer_15,100,libero_object,100,0.33,0.8644998518601856,0.9104477611940299,0.13031409894599338,0.8296855459800481,0.9145183175033922,0.9526627218934911,9,169,0.2654956135763071
layer_vlm_layer_15,100,libero_spatial,100,0.39,0.8635192249975238,0.8709541824295922,0.15268763938585023,0.7892625883408049,0.8079024800336276,0.8698224852071006,8,169,0.4742584536106945
majority_baseline,100,libero_10,100,0.56,0.4616950113378685,0.29707792207792205,0.2886337890625,0.5521428571428572,0.48376623376623373,0.5,8,162,1.0000000000000004
majority_baseline,100,libero_goal,100,0.17,0.16411764705882353,0.4397590361445783,0.17749414062500002,0.16895424836601308,0.49645641389085754,0.5,8,123,1.0000000000000024
majority_baseline,100,libero_object,100,0.33,0.3147979797979798,0.43441881501582996,0.22518457031249994,0.34696969696969693,0.536182722749887,0.5,9,169,1.0000000000000004
majority_baseline,100,libero_spatial,100,0.39,0.35213675213675216,0.3886086591004624,0.243046875,0.435018315018315,0.5693568726355611,0.5,8,169,1.000000000000002
policy_output,100,libero_10,100,0.56,0.5794866310351556,0.5758928571428572,0.25446492040126373,0.6213553051625178,0.549107142857143,0.5432098765432098,8,162,0.8655483084760952
policy_output,100,libero_goal,100,0.17,0.2692231131101661,0.6754075124025514,0.1682758057242312,0.4047828861284687,0.7399007795889441,0.7723577235772358,8,123,0.7934683552929328
policy_output,100,libero_object,100,0.33,0.3727495412499466,0.6142017186793306,0.21890864163043167,0.4647233973847975,0.6657620985979195,0.7159763313609467,9,169,0.5484582451208279
policy_output,100,libero_spatial,100,0.39,0.6684458992929976,0.7023959646910468,0.21034520835449833,0.594703297090487,0.676754939050021,0.6982248520710059,8,169,0.7626768768877291
robot_state,100,libero_10,100,0.56,0.5990034462232527,0.6400162337662338,0.2288095632219147,0.63738117582385,0.5409902597402598,0.5432098765432098,8,162,0.9872389333960205
robot_state,100,libero_goal,100,0.17,0.25876203561177424,0.5662650602409638,0.15988386652081213,0.3275385527017419,0.632884479092842,0.6178861788617886,8,123,0.9026962272526848
robot_state,100,libero_object,100,0.33,0.46991186286174125,0.5933966530981456,0.22428717928467537,0.4010078627597413,0.5305291723202171,0.5443786982248521,9,169,0.808925210346557
robot_state,100,libero_spatial,100,0.39,0.5067015108233106,0.48045397225725095,0.2570494693256795,0.5385068487105275,0.6771752837326608,0.7337278106508875,8,169,0.9262859437620202
state_action_history,100,libero_10,100,0.56,0.5720993052170243,0.5633116883116882,0.27147670859934253,0.6579781284571498,0.5292207792207791,0.5617283950617284,8,162,0.8941942891138964
state_action_history,100,libero_goal,100,0.17,0.29197720210909356,0.671863926293409,0.14679726766832218,0.4425962780574071,0.677533664068037,0.6991869918699187,8,123,0.7281339987934572
state_action_history,100,libero_object,100,0.33,0.4426076285969708,0.5970149253731343,0.21419323281005462,0.45524947329288545,0.5884215287200362,0.591715976331361,9,169,0.5820394377558161
state_action_history,100,libero_spatial,100,0.39,0.7175502041087537,0.7095418242959226,0.21872412422247142,0.6606890347765826,0.7116435477091214,0.7633136094674556,8,169,0.6648885496812895
vlm_action_expert,100,libero_10,100,0.56,0.860610478881606,0.8262987012987013,0.1817670745976383,0.8236223541872001,0.7597402597402597,0.8395061728395061,8,162,0.7564898592255724
vlm_action_expert,100,libero_goal,100,0.17,0.6682786466162425,0.8752657689581858,0.10378099705011538,0.7612132412126447,0.8639262934089298,0.8292682926829268,8,123,0.5045756392235391
vlm_action_expert,100,libero_object,100,0.33,0.9485530762314259,0.9642695612844866,0.09795689254978837,0.9037003947076536,0.9493441881501583,0.9763313609467456,9,169,0.22320628028007597
vlm_action_expert,100,libero_spatial,100,0.39,0.9314832215028087,0.9243379571248423,0.1321662776960282,0.8364975976633884,0.8284993694829761,0.893491124260355,8,169,0.4259197685211231
vlm_final,100,libero_10,100,0.56,0.7511853164495939,0.7219967532467533,0.22016307001924013,0.7694474992861752,0.7126623376623377,0.7592592592592593,8,162,0.6353052642646876
vlm_final,100,libero_goal,100,0.17,0.4582367716275299,0.7562012756909993,0.1256316169452561,0.58295418214448,0.7739192062367115,0.7804878048780488,8,123,0.5981560361998028
vlm_final,100,libero_object,100,0.33,0.8644998518601856,0.9104477611940299,0.13031409894599338,0.8296855459800481,0.9145183175033922,0.9526627218934911,9,169,0.2654956135763071
vlm_final,100,libero_spatial,100,0.39,0.8635192249975238,0.8709541824295922,0.15268763938585023,0.7892625883408049,0.8079024800336276,0.8698224852071006,8,169,0.4742584536106945
