feature_set,horizon,episodes,failure_prevalence,auprc,auroc,brier,task_centered_auprc,task_centered_auroc,within_task_pairwise_auc,eligible_tasks,comparable_success_failure_pairs,task_eta_squared
action_expert_final,0,400,0.3625,0.5259877543187188,0.6256118999323868,0.23101618434179066,0.41692625422508445,0.5478025693035835,0.5425361155698234,33,623,0.8949121749620007
layer_action_expert_layer_15,0,400,0.3625,0.5259877543187188,0.6256118999323868,0.23101618434179066,0.41692625422508445,0.5478025693035835,0.5425361155698234,33,623,0.8949121749620007
robot_state,0,400,0.3625,0.5040902802828215,0.5850169033130493,0.22240985452381082,0.35203809359350224,0.48997971602434076,0.4911717495987159,33,623,0.9912472125182132
vlm_action_expert,0,400,0.3625,0.4901792594766954,0.618498985801217,0.2415952196117916,0.4232657760478764,0.5261392832995266,0.5264847512038523,33,623,0.9039418672308229
all_diagnostic_features,0,400,0.3625,0.4871701252976068,0.6141987829614604,0.24130824379934857,0.4141289184260023,0.5195943204868154,0.5200642054574639,33,623,0.896763261750367
layer_vlm_layer_07,0,400,0.3625,0.46053725391593153,0.6027045300878973,0.24606217910634334,0.391853394651257,0.4972549019607843,0.5152487961476726,33,623,0.8245766726333358
layer_vlm_layer_03,0,400,0.3625,0.45614635975442763,0.5954293441514538,0.2498474472449398,0.398771775719826,0.5004462474645031,0.5264847512038523,33,623,0.8224555927778697
layer_vlm_layer_11,0,400,0.3625,0.45497277783992673,0.5942663962136578,0.2510758237022007,0.39633573400219224,0.5006626098715348,0.521669341894061,33,623,0.8311508178459779
layer_action_expert_layer_07,0,400,0.3625,0.4536962198414283,0.5777146720757268,0.249771026864508,0.3813768692968975,0.510101419878296,0.5136436597110754,33,623,0.8559812399940107
layer_action_expert_layer_11,0,400,0.3625,0.44470660350200636,0.5977281947261663,0.24737872031261193,0.3983551994529434,0.5169709263015552,0.5056179775280899,33,623,0.8985481518986927
layer_vlm_layer_15,0,400,0.3625,0.442278589091293,0.5788505747126438,0.25174257128384003,0.40184397954057494,0.4938471940500338,0.5104333868378812,33,623,0.8014466022225947
vlm_final,0,400,0.3625,0.442278589091293,0.5788505747126438,0.25174257128384003,0.40184397954057494,0.4938471940500338,0.5104333868378812,33,623,0.8014466022225947
layer_action_expert_layer_03,0,400,0.3625,0.4126625105268035,0.548289384719405,0.2629806453592738,0.4060362469313422,0.5108316430020284,0.5409309791332263,33,623,0.7767284173475404
policy_output,0,400,0.3625,0.36682061845556535,0.5411494252873563,0.2630508791800834,0.351140497747839,0.5143745774171737,0.5088282504012841,33,623,0.7188622205956026
action_uncertainty,0,400,0.3625,0.3594260951384196,0.488789722785666,0.25039846734811355,0.3396831907658867,0.447816091954023,0.43820224719101125,33,623,0.4731007479366703
majority_baseline,0,400,0.3625,0.32816091954022986,0.4264367816091954,0.23358984375,0.3625,0.5,0.5,33,623,1.0000000000000013
vlm_action_expert,50,400,0.3625,0.6148512818799495,0.7246788370520622,0.20315451246090294,0.5702967566915514,0.6422447599729547,0.6869983948635634,33,623,0.8043107818123536
all_diagnostic_features,50,400,0.3625,0.6039806895554884,0.7187559161595672,0.20572025239484396,0.5685707673017318,0.6381609195402299,0.6837881219903692,33,623,0.8132912536336473
action_expert_final,50,400,0.3625,0.6026389877051652,0.7019878296146046,0.20722841091434596,0.5592600638575375,0.614631507775524,0.6532905296950241,33,623,0.7420457863277268
layer_action_expert_layer_15,50,400,0.3625,0.6026389877051652,0.7019878296146046,0.20722841091434596,0.5592600638575375,0.614631507775524,0.6532905296950241,33,623,0.7420457863277268
layer_action_expert_layer_11,50,400,0.3625,0.5558130984230831,0.6655307640297499,0.2182152578040548,0.5349720557345431,0.5936713995943205,0.6388443017656501,33,623,0.7908595491117021
layer_action_expert_layer_07,50,400,0.3625,0.5357782396995355,0.6570114942528734,0.22009368696296058,0.49376271264796345,0.5817444219066937,0.6019261637239165,33,623,0.8090328842586499
robot_state,50,400,0.3625,0.5256559726452716,0.6154969574036511,0.2213596617011298,0.3805140888101275,0.5070453008789723,0.5232744783306581,33,623,0.9857513597953868
layer_vlm_layer_03,50,400,0.3625,0.5126136318797407,0.6657471264367816,0.2205081351963411,0.4899063620823463,0.5920486815415821,0.6613162118780096,33,623,0.789643671273928
layer_vlm_layer_07,50,400,0.3625,0.5088390026607715,0.6688032454361055,0.21965916371374952,0.4850115381596043,0.5801757944557132,0.6468699839486356,33,623,0.7910340849890211
layer_vlm_layer_15,50,400,0.3625,0.5082425901942808,0.6544151453684923,0.22221733432296023,0.47963391391072924,0.5859364435429344,0.6500802568218299,33,623,0.7843247897865843
vlm_final,50,400,0.3625,0.5082425901942808,0.6544151453684923,0.22221733432296023,0.47963391391072924,0.5859364435429344,0.6500802568218299,33,623,0.7843247897865843
layer_vlm_layer_11,50,400,0.3625,0.5052728207769718,0.6614469235970251,0.22167991923719185,0.4729810786703414,0.5757674104124408,0.6340288924558587,33,623,0.788350889069657
layer_action_expert_layer_03,50,400,0.3625,0.5002765562523475,0.6475726842461123,0.21987110960462394,0.47112754202470275,0.5766328600405679,0.5987158908507223,33,623,0.7948321900726797
policy_output,50,400,0.3625,0.44639051903676474,0.6139012846517917,0.23020894474607406,0.3745697691072906,0.5367680865449628,0.5521669341894061,33,623,0.8467605078923892
action_uncertainty,50,400,0.3625,0.3690067601097393,0.46807302231237313,0.2512122329989189,0.38568352369481684,0.49963488843813386,0.4943820224719101,33,623,0.6416629643475866
majority_baseline,50,400,0.3625,0.32816091954022986,0.4264367816091954,0.23358984375,0.3625,0.5,0.5,33,623,1.0000000000000013
vlm_action_expert,100,400,0.3625,0.8619621359892478,0.9056118999323868,0.12891781047339257,0.8079439119998995,0.8365382014874916,0.8892455858747994,33,623,0.5811342492763042
all_diagnostic_features,100,400,0.3625,0.858008961679768,0.9089925625422582,0.12858294257579359,0.8083945897534607,0.8368627450980392,0.8892455858747994,33,623,0.5811564007974089
layer_action_expert_layer_11,100,400,0.3625,0.8555906850894531,0.8996889790398918,0.1367146114368106,0.7930917822275545,0.8141446923597024,0.8507223113964687,33,623,0.5250778155183438
action_expert_final,100,400,0.3625,0.8437930535717564,0.8970655848546314,0.13470243938935705,0.8037993675330891,0.8226369168356998,0.8780096308186196,33,623,0.5254461157453633
layer_action_expert_layer_15,100,400,0.3625,0.8437930535717564,0.8970655848546314,0.13470243938935705,0.8037993675330891,0.8226369168356998,0.8780096308186196,33,623,0.5254461157453633
layer_action_expert_layer_07,100,400,0.3625,0.8117825004833982,0.8842731575388776,0.1420281174077083,0.7940751938235435,0.8111697092630156,0.8426966292134831,33,623,0.5738597704507831
layer_vlm_layer_07,100,400,0.3625,0.7834701017297504,0.854685598377282,0.1549218344371181,0.7440619437026944,0.7907234617985125,0.8443017656500803,33,623,0.5980151674231237
layer_vlm_layer_11,100,400,0.3625,0.7707798402597188,0.8435429344151454,0.1573538308359109,0.7296695481502582,0.7818796484110886,0.8443017656500803,33,623,0.6141300793710198
layer_vlm_layer_03,100,400,0.3625,0.7701277233881824,0.8482217714672076,0.15627847508512965,0.7319872728318293,0.7868830290736986,0.8394863563402889,33,623,0.6129290838943974
layer_vlm_layer_15,100,400,0.3625,0.7695406299490332,0.8490601757944557,0.15719910632408496,0.7364634996689134,0.7912914131169709,0.8459069020866774,33,623,0.5893860664437665
vlm_final,100,400,0.3625,0.7695406299490332,0.8490601757944557,0.15719910632408496,0.7364634996689134,0.7912914131169709,0.8459069020866774,33,623,0.5893860664437665
layer_action_expert_layer_03,100,400,0.3625,0.7371281387700103,0.8490872210953346,0.15482245339504735,0.7664086952319977,0.803921568627451,0.85553772070626,33,623,0.6346554374558161
robot_state,100,400,0.3625,0.5203049849111976,0.6590939824205545,0.21750751958827044,0.4524510269398495,0.5896686950642326,0.6099518459069021,33,623,0.9659659760550958
policy_output,100,400,0.3625,0.5165254296219468,0.7000676132521975,0.21299864402760624,0.49921011512677693,0.6352670723461797,0.6773675762439807,33,623,0.8541566687322873
action_uncertainty,100,400,0.3625,0.3517810995633509,0.47337390128465184,0.24801449465451683,0.408315710311438,0.5297092630155511,0.565008025682183,33,623,0.5689795924213291
majority_baseline,100,400,0.3625,0.32816091954022986,0.4264367816091954,0.23358984375,0.3625,0.5,0.5,33,623,1.0000000000000013
