state_id,condition,layer,denoising_index,timestep,action_expert_rmse,velocity_rmse
libero_goal_task03_ep000_seed0_step0050,paraphrase,3,0,1.0,0.08927213677406877,0.15286825760655626
libero_goal_task03_ep000_seed0_step0050,paraphrase,3,1,0.8999999761581421,0.09181400577799619,0.1568554436207098
libero_goal_task03_ep000_seed0_step0050,paraphrase,3,2,0.800000011920929,0.09787245674222496,0.1588584693444219
libero_goal_task03_ep000_seed0_step0050,paraphrase,3,3,0.699999988079071,0.1053125776852076,0.15865663620046003
libero_goal_task03_ep000_seed0_step0050,paraphrase,3,4,0.6000000238418579,0.11556149231178524,0.16177253513768006
libero_goal_task03_ep000_seed0_step0050,paraphrase,3,5,0.5,0.1288436974749701,0.16558373301075727
libero_goal_task03_ep000_seed0_step0050,paraphrase,3,6,0.4000000059604645,0.145707708150435,0.1704547448055129
libero_goal_task03_ep000_seed0_step0050,paraphrase,3,7,0.30000001192092896,0.16598697570265974,0.18870870081839758
libero_goal_task03_ep000_seed0_step0050,paraphrase,3,8,0.20000000298023224,0.19144505302684556,0.21702906908624423
libero_goal_task03_ep000_seed0_step0050,paraphrase,3,9,0.10000000149011612,0.2228497951697404,0.2978722173986094
libero_goal_task03_ep000_seed0_step0050,paraphrase,7,0,1.0,0.19920154455348643,0.15286825760655626
libero_goal_task03_ep000_seed0_step0050,paraphrase,7,1,0.8999999761581421,0.2048120868926873,0.1568554436207098
libero_goal_task03_ep000_seed0_step0050,paraphrase,7,2,0.800000011920929,0.2123549857542425,0.1588584693444219
libero_goal_task03_ep000_seed0_step0050,paraphrase,7,3,0.699999988079071,0.22004207333714298,0.15865663620046003
libero_goal_task03_ep000_seed0_step0050,paraphrase,7,4,0.6000000238418579,0.22939804965294666,0.16177253513768006
libero_goal_task03_ep000_seed0_step0050,paraphrase,7,5,0.5,0.24044830384204768,0.16558373301075727
libero_goal_task03_ep000_seed0_step0050,paraphrase,7,6,0.4000000059604645,0.2540270757644359,0.1704547448055129
libero_goal_task03_ep000_seed0_step0050,paraphrase,7,7,0.30000001192092896,0.27085943519597944,0.18870870081839758
libero_goal_task03_ep000_seed0_step0050,paraphrase,7,8,0.20000000298023224,0.2916925789064439,0.21702906908624423
libero_goal_task03_ep000_seed0_step0050,paraphrase,7,9,0.10000000149011612,0.3133672903422401,0.2978722173986094
libero_goal_task03_ep000_seed0_step0050,paraphrase,11,0,1.0,0.2917564320220815,0.15286825760655626
libero_goal_task03_ep000_seed0_step0050,paraphrase,11,1,0.8999999761581421,0.29936646674252976,0.1568554436207098
libero_goal_task03_ep000_seed0_step0050,paraphrase,11,2,0.800000011920929,0.3082117237971712,0.1588584693444219
libero_goal_task03_ep000_seed0_step0050,paraphrase,11,3,0.699999988079071,0.3157046959379381,0.15865663620046003
libero_goal_task03_ep000_seed0_step0050,paraphrase,11,4,0.6000000238418579,0.32524452863570286,0.16177253513768006
libero_goal_task03_ep000_seed0_step0050,paraphrase,11,5,0.5,0.33434869510349136,0.16558373301075727
libero_goal_task03_ep000_seed0_step0050,paraphrase,11,6,0.4000000059604645,0.3448289937905898,0.1704547448055129
libero_goal_task03_ep000_seed0_step0050,paraphrase,11,7,0.30000001192092896,0.35707139937971816,0.18870870081839758
libero_goal_task03_ep000_seed0_step0050,paraphrase,11,8,0.20000000298023224,0.37190905092682597,0.21702906908624423
libero_goal_task03_ep000_seed0_step0050,paraphrase,11,9,0.10000000149011612,0.3867941664387443,0.2978722173986094
libero_goal_task03_ep000_seed0_step0050,paraphrase,15,0,1.0,0.30033941406381554,0.15286825760655626
libero_goal_task03_ep000_seed0_step0050,paraphrase,15,1,0.8999999761581421,0.31121970151533446,0.1568554436207098
libero_goal_task03_ep000_seed0_step0050,paraphrase,15,2,0.800000011920929,0.3226473159298491,0.1588584693444219
libero_goal_task03_ep000_seed0_step0050,paraphrase,15,3,0.699999988079071,0.3331066850637406,0.15865663620046003
libero_goal_task03_ep000_seed0_step0050,paraphrase,15,4,0.6000000238418579,0.34738689927285776,0.16177253513768006
libero_goal_task03_ep000_seed0_step0050,paraphrase,15,5,0.5,0.3615800471741802,0.16558373301075727
libero_goal_task03_ep000_seed0_step0050,paraphrase,15,6,0.4000000059604645,0.37779189672787744,0.1704547448055129
libero_goal_task03_ep000_seed0_step0050,paraphrase,15,7,0.30000001192092896,0.3967595547573499,0.18870870081839758
libero_goal_task03_ep000_seed0_step0050,paraphrase,15,8,0.20000000298023224,0.41545195658707795,0.21702906908624423
libero_goal_task03_ep000_seed0_step0050,paraphrase,15,9,0.10000000149011612,0.4247830006069502,0.2978722173986094
libero_goal_task03_ep000_seed0_step0050,alternate_goal,3,0,1.0,0.11087082140778613,0.3578390662990801
libero_goal_task03_ep000_seed0_step0050,alternate_goal,3,1,0.8999999761581421,0.11604217558351368,0.355487706385978
libero_goal_task03_ep000_seed0_step0050,alternate_goal,3,2,0.800000011920929,0.12960676489494444,0.3560626592019467
libero_goal_task03_ep000_seed0_step0050,alternate_goal,3,3,0.699999988079071,0.15046354947394727,0.35801513414171005
libero_goal_task03_ep000_seed0_step0050,alternate_goal,3,4,0.6000000238418579,0.18029737726126294,0.3675699844565256
libero_goal_task03_ep000_seed0_step0050,alternate_goal,3,5,0.5,0.22069654216610055,0.3851782120120906
libero_goal_task03_ep000_seed0_step0050,alternate_goal,3,6,0.4000000059604645,0.2728747345644314,0.4280737698578248
libero_goal_task03_ep000_seed0_step0050,alternate_goal,3,7,0.30000001192092896,0.3408896526891671,0.4872019751989005
libero_goal_task03_ep000_seed0_step0050,alternate_goal,3,8,0.20000000298023224,0.4323099799519284,0.54842711053988
libero_goal_task03_ep000_seed0_step0050,alternate_goal,3,9,0.10000000149011612,0.5635104694758526,0.5965080783129055
libero_goal_task03_ep000_seed0_step0050,alternate_goal,7,0,1.0,0.3048497655838771,0.3578390662990801
libero_goal_task03_ep000_seed0_step0050,alternate_goal,7,1,0.8999999761581421,0.31288800672600103,0.355487706385978
libero_goal_task03_ep000_seed0_step0050,alternate_goal,7,2,0.800000011920929,0.32708801938401766,0.3560626592019467
libero_goal_task03_ep000_seed0_step0050,alternate_goal,7,3,0.699999988079071,0.3451716817166767,0.35801513414171005
libero_goal_task03_ep000_seed0_step0050,alternate_goal,7,4,0.6000000238418579,0.3713706051729723,0.3675699844565256
libero_goal_task03_ep000_seed0_step0050,alternate_goal,7,5,0.5,0.4078232983448479,0.3851782120120906
libero_goal_task03_ep000_seed0_step0050,alternate_goal,7,6,0.4000000059604645,0.45767472107988305,0.4280737698578248
libero_goal_task03_ep000_seed0_step0050,alternate_goal,7,7,0.30000001192092896,0.5259456157389654,0.4872019751989005
libero_goal_task03_ep000_seed0_step0050,alternate_goal,7,8,0.20000000298023224,0.6128029871739625,0.54842711053988
libero_goal_task03_ep000_seed0_step0050,alternate_goal,7,9,0.10000000149011612,0.7215823527485786,0.5965080783129055
libero_goal_task03_ep000_seed0_step0050,alternate_goal,11,0,1.0,0.4750235993132886,0.3578390662990801
libero_goal_task03_ep000_seed0_step0050,alternate_goal,11,1,0.8999999761581421,0.48762525035430876,0.355487706385978
libero_goal_task03_ep000_seed0_step0050,alternate_goal,11,2,0.800000011920929,0.5031964492132098,0.3560626592019467
libero_goal_task03_ep000_seed0_step0050,alternate_goal,11,3,0.699999988079071,0.5205512672918433,0.35801513414171005
libero_goal_task03_ep000_seed0_step0050,alternate_goal,11,4,0.6000000238418579,0.5469226382998511,0.3675699844565256
libero_goal_task03_ep000_seed0_step0050,alternate_goal,11,5,0.5,0.5839408223125552,0.3851782120120906
libero_goal_task03_ep000_seed0_step0050,alternate_goal,11,6,0.4000000059604645,0.6375861238604882,0.4280737698578248
libero_goal_task03_ep000_seed0_step0050,alternate_goal,11,7,0.30000001192092896,0.7048477838563798,0.4872019751989005
libero_goal_task03_ep000_seed0_step0050,alternate_goal,11,8,0.20000000298023224,0.7743116701592978,0.54842711053988
libero_goal_task03_ep000_seed0_step0050,alternate_goal,11,9,0.10000000149011612,0.8419780310979983,0.5965080783129055
libero_goal_task03_ep000_seed0_step0050,alternate_goal,15,0,1.0,0.47527598026911455,0.3578390662990801
libero_goal_task03_ep000_seed0_step0050,alternate_goal,15,1,0.8999999761581421,0.492107310330634,0.355487706385978
libero_goal_task03_ep000_seed0_step0050,alternate_goal,15,2,0.800000011920929,0.5102121137632574,0.3560626592019467
libero_goal_task03_ep000_seed0_step0050,alternate_goal,15,3,0.699999988079071,0.5319743317731074,0.35801513414171005
libero_goal_task03_ep000_seed0_step0050,alternate_goal,15,4,0.6000000238418579,0.564126704366482,0.3675699844565256
libero_goal_task03_ep000_seed0_step0050,alternate_goal,15,5,0.5,0.6084358789008569,0.3851782120120906
libero_goal_task03_ep000_seed0_step0050,alternate_goal,15,6,0.4000000059604645,0.6702987552542803,0.4280737698578248
libero_goal_task03_ep000_seed0_step0050,alternate_goal,15,7,0.30000001192092896,0.7441554301294753,0.4872019751989005
libero_goal_task03_ep000_seed0_step0050,alternate_goal,15,8,0.20000000298023224,0.8149287195223679,0.54842711053988
libero_goal_task03_ep000_seed0_step0050,alternate_goal,15,9,0.10000000149011612,0.8695209018180085,0.5965080783129055
libero_goal_task03_ep000_seed0_step0050,contradictory_alternate_goal,3,0,1.0,0.07226015153333987,0.1709863522582315
libero_goal_task03_ep000_seed0_step0050,contradictory_alternate_goal,3,1,0.8999999761581421,0.07467119144319269,0.1723846834455352
libero_goal_task03_ep000_seed0_step0050,contradictory_alternate_goal,3,2,0.800000011920929,0.08116013338811259,0.17389393123393504
libero_goal_task03_ep000_seed0_step0050,contradictory_alternate_goal,3,3,0.699999988079071,0.09041155858305351,0.17075097814432172
libero_goal_task03_ep000_seed0_step0050,contradictory_alternate_goal,3,4,0.6000000238418579,0.10321612496259079,0.17093295416933316
libero_goal_task03_ep000_seed0_step0050,contradictory_alternate_goal,3,5,0.5,0.11990935044922688,0.16789932109777708
libero_goal_task03_ep000_seed0_step0050,contradictory_alternate_goal,3,6,0.4000000059604645,0.14069492879424939,0.16993230140526933
libero_goal_task03_ep000_seed0_step0050,contradictory_alternate_goal,3,7,0.30000001192092896,0.16500007043126197,0.18454482043739442
libero_goal_task03_ep000_seed0_step0050,contradictory_alternate_goal,3,8,0.20000000298023224,0.19483707402330885,0.23249357064137588
libero_goal_task03_ep000_seed0_step0050,contradictory_alternate_goal,3,9,0.10000000149011612,0.23346697953684634,0.3240699983987206
libero_goal_task03_ep000_seed0_step0050,contradictory_alternate_goal,7,0,1.0,0.2533427920927267,0.1709863522582315
libero_goal_task03_ep000_seed0_step0050,contradictory_alternate_goal,7,1,0.8999999761581421,0.26024494413998156,0.1723846834455352
libero_goal_task03_ep000_seed0_step0050,contradictory_alternate_goal,7,2,0.800000011920929,0.27111373078952644,0.17389393123393504
libero_goal_task03_ep000_seed0_step0050,contradictory_alternate_goal,7,3,0.699999988079071,0.28169204154356703,0.17075097814432172
libero_goal_task03_ep000_seed0_step0050,contradictory_alternate_goal,7,4,0.6000000238418579,0.2945104892384966,0.17093295416933316
libero_goal_task03_ep000_seed0_step0050,contradictory_alternate_goal,7,5,0.5,0.3078906376483688,0.16789932109777708
libero_goal_task03_ep000_seed0_step0050,contradictory_alternate_goal,7,6,0.4000000059604645,0.322659367218651,0.16993230140526933
libero_goal_task03_ep000_seed0_step0050,contradictory_alternate_goal,7,7,0.30000001192092896,0.33922643557435983,0.18454482043739442
libero_goal_task03_ep000_seed0_step0050,contradictory_alternate_goal,7,8,0.20000000298023224,0.35867345945653845,0.23249357064137588
libero_goal_task03_ep000_seed0_step0050,contradictory_alternate_goal,7,9,0.10000000149011612,0.38177675639645203,0.3240699983987206
libero_goal_task03_ep000_seed0_step0050,contradictory_alternate_goal,11,0,1.0,0.36090075711497616,0.1709863522582315
libero_goal_task03_ep000_seed0_step0050,contradictory_alternate_goal,11,1,0.8999999761581421,0.3709708941529674,0.1723846834455352
libero_goal_task03_ep000_seed0_step0050,contradictory_alternate_goal,11,2,0.800000011920929,0.3833439123739695,0.17389393123393504
libero_goal_task03_ep000_seed0_step0050,contradictory_alternate_goal,11,3,0.699999988079071,0.3941113787758643,0.17075097814432172
libero_goal_task03_ep000_seed0_step0050,contradictory_alternate_goal,11,4,0.6000000238418579,0.40809429163771455,0.17093295416933316
libero_goal_task03_ep000_seed0_step0050,contradictory_alternate_goal,11,5,0.5,0.42006504037826775,0.16789932109777708
libero_goal_task03_ep000_seed0_step0050,contradictory_alternate_goal,11,6,0.4000000059604645,0.43104095654702707,0.16993230140526933
libero_goal_task03_ep000_seed0_step0050,contradictory_alternate_goal,11,7,0.30000001192092896,0.4396605088721995,0.18454482043739442
libero_goal_task03_ep000_seed0_step0050,contradictory_alternate_goal,11,8,0.20000000298023224,0.44810638827462224,0.23249357064137588
libero_goal_task03_ep000_seed0_step0050,contradictory_alternate_goal,11,9,0.10000000149011612,0.45809041623406493,0.3240699983987206
libero_goal_task03_ep000_seed0_step0050,contradictory_alternate_goal,15,0,1.0,0.350887363568389,0.1709863522582315
libero_goal_task03_ep000_seed0_step0050,contradictory_alternate_goal,15,1,0.8999999761581421,0.36391297143164414,0.1723846834455352
libero_goal_task03_ep000_seed0_step0050,contradictory_alternate_goal,15,2,0.800000011920929,0.3784132809445831,0.17389393123393504
libero_goal_task03_ep000_seed0_step0050,contradictory_alternate_goal,15,3,0.699999988079071,0.39138046029698564,0.17075097814432172
libero_goal_task03_ep000_seed0_step0050,contradictory_alternate_goal,15,4,0.6000000238418579,0.4101423617824112,0.17093295416933316
libero_goal_task03_ep000_seed0_step0050,contradictory_alternate_goal,15,5,0.5,0.42691778307570183,0.16789932109777708
libero_goal_task03_ep000_seed0_step0050,contradictory_alternate_goal,15,6,0.4000000059604645,0.4450281929910968,0.16993230140526933
libero_goal_task03_ep000_seed0_step0050,contradictory_alternate_goal,15,7,0.30000001192092896,0.46146641810622857,0.18454482043739442
libero_goal_task03_ep000_seed0_step0050,contradictory_alternate_goal,15,8,0.20000000298023224,0.47831923003535864,0.23249357064137588
libero_goal_task03_ep000_seed0_step0050,contradictory_alternate_goal,15,9,0.10000000149011612,0.4878162563244539,0.3240699983987206
libero_goal_task03_ep000_seed0_step0050,main_mean,3,0,1.0,0.10424412327476341,0.12180396589187989
libero_goal_task03_ep000_seed0_step0050,main_mean,3,1,0.8999999761581421,0.10536040976785223,0.11762658142656669
libero_goal_task03_ep000_seed0_step0050,main_mean,3,2,0.800000011920929,0.1098648611053983,0.11715832134361376
libero_goal_task03_ep000_seed0_step0050,main_mean,3,3,0.699999988079071,0.11505649638877882,0.11683298183004232
libero_goal_task03_ep000_seed0_step0050,main_mean,3,4,0.6000000238418579,0.12193827335356558,0.11888761422514466
libero_goal_task03_ep000_seed0_step0050,main_mean,3,5,0.5,0.1308529471081756,0.12127625159405517
libero_goal_task03_ep000_seed0_step0050,main_mean,3,6,0.4000000059604645,0.14199899273900196,0.1291725335290995
libero_goal_task03_ep000_seed0_step0050,main_mean,3,7,0.30000001192092896,0.15637523647980295,0.14917374572900668
libero_goal_task03_ep000_seed0_step0050,main_mean,3,8,0.20000000298023224,0.1770852280830575,0.19893336365506123
libero_goal_task03_ep000_seed0_step0050,main_mean,3,9,0.10000000149011612,0.21182040316425527,0.30311823024632567
libero_goal_task03_ep000_seed0_step0050,main_mean,7,0,1.0,0.19667988178202614,0.12180396589187989
libero_goal_task03_ep000_seed0_step0050,main_mean,7,1,0.8999999761581421,0.19937523827965914,0.11762658142656669
libero_goal_task03_ep000_seed0_step0050,main_mean,7,2,0.800000011920929,0.20551765393103372,0.11715832134361376
libero_goal_task03_ep000_seed0_step0050,main_mean,7,3,0.699999988079071,0.21194034410664966,0.11683298183004232
libero_goal_task03_ep000_seed0_step0050,main_mean,7,4,0.6000000238418579,0.21982675164534263,0.11888761422514466
libero_goal_task03_ep000_seed0_step0050,main_mean,7,5,0.5,0.2293915886619285,0.12127625159405517
libero_goal_task03_ep000_seed0_step0050,main_mean,7,6,0.4000000059604645,0.24013484419325512,0.1291725335290995
libero_goal_task03_ep000_seed0_step0050,main_mean,7,7,0.30000001192092896,0.25386340761237025,0.14917374572900668
libero_goal_task03_ep000_seed0_step0050,main_mean,7,8,0.20000000298023224,0.2727134078978749,0.19893336365506123
libero_goal_task03_ep000_seed0_step0050,main_mean,7,9,0.10000000149011612,0.3045413626412973,0.30311823024632567
libero_goal_task03_ep000_seed0_step0050,main_mean,11,0,1.0,0.27013887724358565,0.12180396589187989
libero_goal_task03_ep000_seed0_step0050,main_mean,11,1,0.8999999761581421,0.2742975142229977,0.11762658142656669
libero_goal_task03_ep000_seed0_step0050,main_mean,11,2,0.800000011920929,0.2818321365497014,0.11715832134361376
libero_goal_task03_ep000_seed0_step0050,main_mean,11,3,0.699999988079071,0.28934241776797387,0.11683298183004232
libero_goal_task03_ep000_seed0_step0050,main_mean,11,4,0.6000000238418579,0.29860420904236434,0.11888761422514466
libero_goal_task03_ep000_seed0_step0050,main_mean,11,5,0.5,0.30912620380359285,0.12127625159405517
libero_goal_task03_ep000_seed0_step0050,main_mean,11,6,0.4000000059604645,0.3203192072877271,0.1291725335290995
libero_goal_task03_ep000_seed0_step0050,main_mean,11,7,0.30000001192092896,0.33383325568823474,0.14917374572900668
libero_goal_task03_ep000_seed0_step0050,main_mean,11,8,0.20000000298023224,0.35048389524644175,0.19893336365506123
libero_goal_task03_ep000_seed0_step0050,main_mean,11,9,0.10000000149011612,0.37739175330887637,0.30311823024632567
libero_goal_task03_ep000_seed0_step0050,main_mean,15,0,1.0,0.23711358527227366,0.12180396589187989
libero_goal_task03_ep000_seed0_step0050,main_mean,15,1,0.8999999761581421,0.24176085951248713,0.11762658142656669
libero_goal_task03_ep000_seed0_step0050,main_mean,15,2,0.800000011920929,0.24950368599187203,0.11715832134361376
libero_goal_task03_ep000_seed0_step0050,main_mean,15,3,0.699999988079071,0.25792556329986316,0.11683298183004232
libero_goal_task03_ep000_seed0_step0050,main_mean,15,4,0.6000000238418579,0.2697105702995894,0.11888761422514466
libero_goal_task03_ep000_seed0_step0050,main_mean,15,5,0.5,0.28342635124873283,0.12127625159405517
libero_goal_task03_ep000_seed0_step0050,main_mean,15,6,0.4000000059604645,0.30023640921551314,0.1291725335290995
libero_goal_task03_ep000_seed0_step0050,main_mean,15,7,0.30000001192092896,0.3222770663485464,0.14917374572900668
libero_goal_task03_ep000_seed0_step0050,main_mean,15,8,0.20000000298023224,0.34937004903542274,0.19893336365506123
libero_goal_task03_ep000_seed0_step0050,main_mean,15,9,0.10000000149011612,0.3830575689632239,0.30311823024632567
libero_goal_task03_ep000_seed0_step0050,wrist_mean,3,0,1.0,0.07952619532715126,0.12707486848014155
libero_goal_task03_ep000_seed0_step0050,wrist_mean,3,1,0.8999999761581421,0.0803061661240038,0.12624941092282124
libero_goal_task03_ep000_seed0_step0050,wrist_mean,3,2,0.800000011920929,0.0844131822242012,0.12621615218300364
libero_goal_task03_ep000_seed0_step0050,wrist_mean,3,3,0.699999988079071,0.09009452129977497,0.12487537333196763
libero_goal_task03_ep000_seed0_step0050,wrist_mean,3,4,0.6000000238418579,0.09816934425135365,0.1274768472667376
libero_goal_task03_ep000_seed0_step0050,wrist_mean,3,5,0.5,0.10932196945529557,0.13285976797428686
libero_goal_task03_ep000_seed0_step0050,wrist_mean,3,6,0.4000000059604645,0.12384755444862738,0.14266484468988797
libero_goal_task03_ep000_seed0_step0050,wrist_mean,3,7,0.30000001192092896,0.14235852081113679,0.1665266897787517
libero_goal_task03_ep000_seed0_step0050,wrist_mean,3,8,0.20000000298023224,0.16701179982820658,0.2158561873526063
libero_goal_task03_ep000_seed0_step0050,wrist_mean,3,9,0.10000000149011612,0.20386544415551744,0.2997152738100706
libero_goal_task03_ep000_seed0_step0050,wrist_mean,7,0,1.0,0.15773684560856616,0.12707486848014155
libero_goal_task03_ep000_seed0_step0050,wrist_mean,7,1,0.8999999761581421,0.15883833928433347,0.12624941092282124
libero_goal_task03_ep000_seed0_step0050,wrist_mean,7,2,0.800000011920929,0.16385040689931563,0.12621615218300364
libero_goal_task03_ep000_seed0_step0050,wrist_mean,7,3,0.699999988079071,0.16954806394785973,0.12487537333196763
libero_goal_task03_ep000_seed0_step0050,wrist_mean,7,4,0.6000000238418579,0.17742174977819983,0.1274768472667376
libero_goal_task03_ep000_seed0_step0050,wrist_mean,7,5,0.5,0.18758720624108854,0.13285976797428686
libero_goal_task03_ep000_seed0_step0050,wrist_mean,7,6,0.4000000059604645,0.20091616814918606,0.14266484468988797
libero_goal_task03_ep000_seed0_step0050,wrist_mean,7,7,0.30000001192092896,0.2179658571389323,0.1665266897787517
libero_goal_task03_ep000_seed0_step0050,wrist_mean,7,8,0.20000000298023224,0.24051544786046222,0.2158561873526063
libero_goal_task03_ep000_seed0_step0050,wrist_mean,7,9,0.10000000149011612,0.2750604398469866,0.2997152738100706
libero_goal_task03_ep000_seed0_step0050,wrist_mean,11,0,1.0,0.2390204122152864,0.12707486848014155
libero_goal_task03_ep000_seed0_step0050,wrist_mean,11,1,0.8999999761581421,0.23974241333440421,0.12624941092282124
libero_goal_task03_ep000_seed0_step0050,wrist_mean,11,2,0.800000011920929,0.24458310991142368,0.12621615218300364
libero_goal_task03_ep000_seed0_step0050,wrist_mean,11,3,0.699999988079071,0.24989133451594006,0.12487537333196763
libero_goal_task03_ep000_seed0_step0050,wrist_mean,11,4,0.6000000238418579,0.25743886113982944,0.1274768472667376
libero_goal_task03_ep000_seed0_step0050,wrist_mean,11,5,0.5,0.2671279607847316,0.13285976797428686
libero_goal_task03_ep000_seed0_step0050,wrist_mean,11,6,0.4000000059604645,0.2794982734648068,0.14266484468988797
libero_goal_task03_ep000_seed0_step0050,wrist_mean,11,7,0.30000001192092896,0.296173857150026,0.1665266897787517
libero_goal_task03_ep000_seed0_step0050,wrist_mean,11,8,0.20000000298023224,0.3168160022124862,0.2158561873526063
libero_goal_task03_ep000_seed0_step0050,wrist_mean,11,9,0.10000000149011612,0.3473126738470474,0.2997152738100706
libero_goal_task03_ep000_seed0_step0050,wrist_mean,15,0,1.0,0.22339371564280358,0.12707486848014155
libero_goal_task03_ep000_seed0_step0050,wrist_mean,15,1,0.8999999761581421,0.22599712099826536,0.12624941092282124
libero_goal_task03_ep000_seed0_step0050,wrist_mean,15,2,0.800000011920929,0.23191213677728698,0.12621615218300364
libero_goal_task03_ep000_seed0_step0050,wrist_mean,15,3,0.699999988079071,0.23857946888327286,0.12487537333196763
libero_goal_task03_ep000_seed0_step0050,wrist_mean,15,4,0.6000000238418579,0.24941743407376132,0.1274768472667376
libero_goal_task03_ep000_seed0_step0050,wrist_mean,15,5,0.5,0.2637748211979722,0.13285976797428686
libero_goal_task03_ep000_seed0_step0050,wrist_mean,15,6,0.4000000059604645,0.2826327627247768,0.14266484468988797
libero_goal_task03_ep000_seed0_step0050,wrist_mean,15,7,0.30000001192092896,0.3086132988929888,0.1665266897787517
libero_goal_task03_ep000_seed0_step0050,wrist_mean,15,8,0.20000000298023224,0.33921409117260354,0.2158561873526063
libero_goal_task03_ep000_seed0_step0050,wrist_mean,15,9,0.10000000149011612,0.37178541563005696,0.2997152738100706
libero_goal_task03_ep000_seed0_step0100,paraphrase,3,0,1.0,0.09827332379094328,0.23212821070187006
libero_goal_task03_ep000_seed0_step0100,paraphrase,3,1,0.8999999761581421,0.1012153360746468,0.2221591399948777
libero_goal_task03_ep000_seed0_step0100,paraphrase,3,2,0.800000011920929,0.10878574265266605,0.2193781436940961
libero_goal_task03_ep000_seed0_step0100,paraphrase,3,3,0.699999988079071,0.11930851445742578,0.22291783131525225
libero_goal_task03_ep000_seed0_step0100,paraphrase,3,4,0.6000000238418579,0.13406674880148217,0.2433539887624205
libero_goal_task03_ep000_seed0_step0100,paraphrase,3,5,0.5,0.1548333045806913,0.2758359480932133
libero_goal_task03_ep000_seed0_step0100,paraphrase,3,6,0.4000000059604645,0.183096849675637,0.32593582612413874
libero_goal_task03_ep000_seed0_step0100,paraphrase,3,7,0.30000001192092896,0.22280532487867014,0.3817366725757391
libero_goal_task03_ep000_seed0_step0100,paraphrase,3,8,0.20000000298023224,0.2780921568869056,0.4345547597373258
libero_goal_task03_ep000_seed0_step0100,paraphrase,3,9,0.10000000149011612,0.3580447964937144,0.5230907166395647
libero_goal_task03_ep000_seed0_step0100,paraphrase,7,0,1.0,0.1969764976640094,0.23212821070187006
libero_goal_task03_ep000_seed0_step0100,paraphrase,7,1,0.8999999761581421,0.20257179738614786,0.2221591399948777
libero_goal_task03_ep000_seed0_step0100,paraphrase,7,2,0.800000011920929,0.21122107273501767,0.2193781436940961
libero_goal_task03_ep000_seed0_step0100,paraphrase,7,3,0.699999988079071,0.22175330701049578,0.22291783131525225
libero_goal_task03_ep000_seed0_step0100,paraphrase,7,4,0.6000000238418579,0.23594573474263442,0.2433539887624205
libero_goal_task03_ep000_seed0_step0100,paraphrase,7,5,0.5,0.2553123853156302,0.2758359480932133
libero_goal_task03_ep000_seed0_step0100,paraphrase,7,6,0.4000000059604645,0.28272756159079343,0.32593582612413874
libero_goal_task03_ep000_seed0_step0100,paraphrase,7,7,0.30000001192092896,0.3239041471259052,0.3817366725757391
libero_goal_task03_ep000_seed0_step0100,paraphrase,7,8,0.20000000298023224,0.38013063584815054,0.4345547597373258
libero_goal_task03_ep000_seed0_step0100,paraphrase,7,9,0.10000000149011612,0.4543685672244903,0.5230907166395647
libero_goal_task03_ep000_seed0_step0100,paraphrase,11,0,1.0,0.30319177824022003,0.23212821070187006
libero_goal_task03_ep000_seed0_step0100,paraphrase,11,1,0.8999999761581421,0.30750118338424326,0.2221591399948777
libero_goal_task03_ep000_seed0_step0100,paraphrase,11,2,0.800000011920929,0.3152378158836025,0.2193781436940961
libero_goal_task03_ep000_seed0_step0100,paraphrase,11,3,0.699999988079071,0.32418152174053305,0.22291783131525225
libero_goal_task03_ep000_seed0_step0100,paraphrase,11,4,0.6000000238418579,0.3383661628096276,0.2433539887624205
libero_goal_task03_ep000_seed0_step0100,paraphrase,11,5,0.5,0.35828286095160466,0.2758359480932133
libero_goal_task03_ep000_seed0_step0100,paraphrase,11,6,0.4000000059604645,0.3874228197318294,0.32593582612413874
libero_goal_task03_ep000_seed0_step0100,paraphrase,11,7,0.30000001192092896,0.4289331033102976,0.3817366725757391
libero_goal_task03_ep000_seed0_step0100,paraphrase,11,8,0.20000000298023224,0.4774846288470616,0.4345547597373258
libero_goal_task03_ep000_seed0_step0100,paraphrase,11,9,0.10000000149011612,0.5369345693081753,0.5230907166395647
libero_goal_task03_ep000_seed0_step0100,paraphrase,15,0,1.0,0.318548162264885,0.23212821070187006
libero_goal_task03_ep000_seed0_step0100,paraphrase,15,1,0.8999999761581421,0.3249117079791041,0.2221591399948777
libero_goal_task03_ep000_seed0_step0100,paraphrase,15,2,0.800000011920929,0.3339542516839657,0.2193781436940961
libero_goal_task03_ep000_seed0_step0100,paraphrase,15,3,0.699999988079071,0.34485717181774456,0.22291783131525225
libero_goal_task03_ep000_seed0_step0100,paraphrase,15,4,0.6000000238418579,0.3612611333914535,0.2433539887624205
libero_goal_task03_ep000_seed0_step0100,paraphrase,15,5,0.5,0.38332344588675515,0.2758359480932133
libero_goal_task03_ep000_seed0_step0100,paraphrase,15,6,0.4000000059604645,0.4155611042221763,0.32593582612413874
libero_goal_task03_ep000_seed0_step0100,paraphrase,15,7,0.30000001192092896,0.4588701452908568,0.3817366725757391
libero_goal_task03_ep000_seed0_step0100,paraphrase,15,8,0.20000000298023224,0.5053829131569733,0.4345547597373258
libero_goal_task03_ep000_seed0_step0100,paraphrase,15,9,0.10000000149011612,0.5598159107498073,0.5230907166395647
libero_goal_task03_ep000_seed0_step0100,alternate_goal,3,0,1.0,0.11907938816509182,0.5984310967794727
libero_goal_task03_ep000_seed0_step0100,alternate_goal,3,1,0.8999999761581421,0.12843944526858875,0.6066161665531318
libero_goal_task03_ep000_seed0_step0100,alternate_goal,3,2,0.800000011920929,0.15498053731497746,0.6213038257163661
libero_goal_task03_ep000_seed0_step0100,alternate_goal,3,3,0.699999988079071,0.19779385614767145,0.6382493837888462
libero_goal_task03_ep000_seed0_step0100,alternate_goal,3,4,0.6000000238418579,0.2574949100233319,0.6596580842471577
libero_goal_task03_ep000_seed0_step0100,alternate_goal,3,5,0.5,0.33478869965741226,0.686831790626737
libero_goal_task03_ep000_seed0_step0100,alternate_goal,3,6,0.4000000059604645,0.42883466449725416,0.7194792821825392
libero_goal_task03_ep000_seed0_step0100,alternate_goal,3,7,0.30000001192092896,0.5393433960708807,0.7585147274401992
libero_goal_task03_ep000_seed0_step0100,alternate_goal,3,8,0.20000000298023224,0.6687066847413081,0.804515748082787
libero_goal_task03_ep000_seed0_step0100,alternate_goal,3,9,0.10000000149011612,0.8264031200586879,0.8542585835681559
libero_goal_task03_ep000_seed0_step0100,alternate_goal,7,0,1.0,0.3131914462930646,0.5984310967794727
libero_goal_task03_ep000_seed0_step0100,alternate_goal,7,1,0.8999999761581421,0.3221214175958866,0.6066161665531318
libero_goal_task03_ep000_seed0_step0100,alternate_goal,7,2,0.800000011920929,0.34374510577549283,0.6213038257163661
libero_goal_task03_ep000_seed0_step0100,alternate_goal,7,3,0.699999988079071,0.3776793759971212,0.6382493837888462
libero_goal_task03_ep000_seed0_step0100,alternate_goal,7,4,0.6000000238418579,0.43072908149430056,0.6596580842471577
libero_goal_task03_ep000_seed0_step0100,alternate_goal,7,5,0.5,0.5056088303043899,0.686831790626737
libero_goal_task03_ep000_seed0_step0100,alternate_goal,7,6,0.4000000059604645,0.6027373009228272,0.7194792821825392
libero_goal_task03_ep000_seed0_step0100,alternate_goal,7,7,0.30000001192092896,0.7200404669158411,0.7585147274401992
libero_goal_task03_ep000_seed0_step0100,alternate_goal,7,8,0.20000000298023224,0.8502807797967898,0.804515748082787
libero_goal_task03_ep000_seed0_step0100,alternate_goal,7,9,0.10000000149011612,0.9890481250760129,0.8542585835681559
libero_goal_task03_ep000_seed0_step0100,alternate_goal,11,0,1.0,0.557612354805904,0.5984310967794727
libero_goal_task03_ep000_seed0_step0100,alternate_goal,11,1,0.8999999761581421,0.5706945057636524,0.6066161665531318
libero_goal_task03_ep000_seed0_step0100,alternate_goal,11,2,0.800000011920929,0.5935315738122237,0.6213038257163661
libero_goal_task03_ep000_seed0_step0100,alternate_goal,11,3,0.699999988079071,0.623165146450678,0.6382493837888462
libero_goal_task03_ep000_seed0_step0100,alternate_goal,11,4,0.6000000238418579,0.6652170662373565,0.6596580842471577
libero_goal_task03_ep000_seed0_step0100,alternate_goal,11,5,0.5,0.7216050144459837,0.686831790626737
libero_goal_task03_ep000_seed0_step0100,alternate_goal,11,6,0.4000000059604645,0.7932162576885429,0.7194792821825392
libero_goal_task03_ep000_seed0_step0100,alternate_goal,11,7,0.30000001192092896,0.8789225664028878,0.7585147274401992
libero_goal_task03_ep000_seed0_step0100,alternate_goal,11,8,0.20000000298023224,0.9734510440914066,0.804515748082787
libero_goal_task03_ep000_seed0_step0100,alternate_goal,11,9,0.10000000149011612,1.0707530025882708,0.8542585835681559
libero_goal_task03_ep000_seed0_step0100,alternate_goal,15,0,1.0,0.6091561121797631,0.5984310967794727
libero_goal_task03_ep000_seed0_step0100,alternate_goal,15,1,0.8999999761581421,0.6291190819090996,0.6066161665531318
libero_goal_task03_ep000_seed0_step0100,alternate_goal,15,2,0.800000011920929,0.657087316366565,0.6213038257163661
libero_goal_task03_ep000_seed0_step0100,alternate_goal,15,3,0.699999988079071,0.6897304179482272,0.6382493837888462
libero_goal_task03_ep000_seed0_step0100,alternate_goal,15,4,0.6000000238418579,0.7308599411947483,0.6596580842471577
libero_goal_task03_ep000_seed0_step0100,alternate_goal,15,5,0.5,0.7810745617977254,0.686831790626737
libero_goal_task03_ep000_seed0_step0100,alternate_goal,15,6,0.4000000059604645,0.8402005258046157,0.7194792821825392
libero_goal_task03_ep000_seed0_step0100,alternate_goal,15,7,0.30000001192092896,0.9102963608674041,0.7585147274401992
libero_goal_task03_ep000_seed0_step0100,alternate_goal,15,8,0.20000000298023224,0.9881644504634977,0.804515748082787
libero_goal_task03_ep000_seed0_step0100,alternate_goal,15,9,0.10000000149011612,1.0657346089589446,0.8542585835681559
libero_goal_task03_ep000_seed0_step0100,contradictory_alternate_goal,3,0,1.0,0.08240512008587204,0.4163986289548676
libero_goal_task03_ep000_seed0_step0100,contradictory_alternate_goal,3,1,0.8999999761581421,0.08854677971600776,0.4245861849973341
libero_goal_task03_ep000_seed0_step0100,contradictory_alternate_goal,3,2,0.800000011920929,0.10736695466730417,0.4417435884165044
libero_goal_task03_ep000_seed0_step0100,contradictory_alternate_goal,3,3,0.699999988079071,0.13818322453793166,0.46374880767347754
libero_goal_task03_ep000_seed0_step0100,contradictory_alternate_goal,3,4,0.6000000238418579,0.18208186484634914,0.5076654302576266
libero_goal_task03_ep000_seed0_step0100,contradictory_alternate_goal,3,5,0.5,0.24164532464241748,0.5638265387343339
libero_goal_task03_ep000_seed0_step0100,contradictory_alternate_goal,3,6,0.4000000059604645,0.31873924019147176,0.6504356921755327
libero_goal_task03_ep000_seed0_step0100,contradictory_alternate_goal,3,7,0.30000001192092896,0.41819190058508215,0.760830839820956
libero_goal_task03_ep000_seed0_step0100,contradictory_alternate_goal,3,8,0.20000000298023224,0.5459700786114883,0.8808845210429362
libero_goal_task03_ep000_seed0_step0100,contradictory_alternate_goal,3,9,0.10000000149011612,0.7139776938505746,0.9913905333985492
libero_goal_task03_ep000_seed0_step0100,contradictory_alternate_goal,7,0,1.0,0.24788844392617024,0.4163986289548676
libero_goal_task03_ep000_seed0_step0100,contradictory_alternate_goal,7,1,0.8999999761581421,0.2567738374475459,0.4245861849973341
libero_goal_task03_ep000_seed0_step0100,contradictory_alternate_goal,7,2,0.800000011920929,0.2740134751183329,0.4417435884165044
libero_goal_task03_ep000_seed0_step0100,contradictory_alternate_goal,7,3,0.699999988079071,0.29896737178414357,0.46374880767347754
libero_goal_task03_ep000_seed0_step0100,contradictory_alternate_goal,7,4,0.6000000238418579,0.3382276292851362,0.5076654302576266
libero_goal_task03_ep000_seed0_step0100,contradictory_alternate_goal,7,5,0.5,0.3957463095336336,0.5638265387343339
libero_goal_task03_ep000_seed0_step0100,contradictory_alternate_goal,7,6,0.4000000059604645,0.4768203202499707,0.6504356921755327
libero_goal_task03_ep000_seed0_step0100,contradictory_alternate_goal,7,7,0.30000001192092896,0.5865003490571604,0.760830839820956
libero_goal_task03_ep000_seed0_step0100,contradictory_alternate_goal,7,8,0.20000000298023224,0.7231024546048528,0.8808845210429362
libero_goal_task03_ep000_seed0_step0100,contradictory_alternate_goal,7,9,0.10000000149011612,0.8829850686136972,0.9913905333985492
libero_goal_task03_ep000_seed0_step0100,contradictory_alternate_goal,11,0,1.0,0.4288688814241369,0.4163986289548676
libero_goal_task03_ep000_seed0_step0100,contradictory_alternate_goal,11,1,0.8999999761581421,0.44160972307926655,0.4245861849973341
libero_goal_task03_ep000_seed0_step0100,contradictory_alternate_goal,11,2,0.800000011920929,0.4613762254456217,0.4417435884165044
libero_goal_task03_ep000_seed0_step0100,contradictory_alternate_goal,11,3,0.699999988079071,0.48589876723544384,0.46374880767347754
libero_goal_task03_ep000_seed0_step0100,contradictory_alternate_goal,11,4,0.6000000238418579,0.5224130930529197,0.5076654302576266
libero_goal_task03_ep000_seed0_step0100,contradictory_alternate_goal,11,5,0.5,0.572943628852913,0.5638265387343339
libero_goal_task03_ep000_seed0_step0100,contradictory_alternate_goal,11,6,0.4000000059604645,0.6436097765896844,0.6504356921755327
libero_goal_task03_ep000_seed0_step0100,contradictory_alternate_goal,11,7,0.30000001192092896,0.7376539953367078,0.760830839820956
libero_goal_task03_ep000_seed0_step0100,contradictory_alternate_goal,11,8,0.20000000298023224,0.8517167239649817,0.8808845210429362
libero_goal_task03_ep000_seed0_step0100,contradictory_alternate_goal,11,9,0.10000000149011612,0.9799060584347901,0.9913905333985492
libero_goal_task03_ep000_seed0_step0100,contradictory_alternate_goal,15,0,1.0,0.45791665541750315,0.4163986289548676
libero_goal_task03_ep000_seed0_step0100,contradictory_alternate_goal,15,1,0.8999999761581421,0.47622017769630365,0.4245861849973341
libero_goal_task03_ep000_seed0_step0100,contradictory_alternate_goal,15,2,0.800000011920929,0.5011257022357,0.4417435884165044
libero_goal_task03_ep000_seed0_step0100,contradictory_alternate_goal,15,3,0.699999988079071,0.5309013958396589,0.46374880767347754
libero_goal_task03_ep000_seed0_step0100,contradictory_alternate_goal,15,4,0.6000000238418579,0.5738920962507703,0.5076654302576266
libero_goal_task03_ep000_seed0_step0100,contradictory_alternate_goal,15,5,0.5,0.6275348297634923,0.5638265387343339
libero_goal_task03_ep000_seed0_step0100,contradictory_alternate_goal,15,6,0.4000000059604645,0.6988179714227465,0.6504356921755327
libero_goal_task03_ep000_seed0_step0100,contradictory_alternate_goal,15,7,0.30000001192092896,0.787309030871679,0.760830839820956
libero_goal_task03_ep000_seed0_step0100,contradictory_alternate_goal,15,8,0.20000000298023224,0.8862963303552716,0.8808845210429362
libero_goal_task03_ep000_seed0_step0100,contradictory_alternate_goal,15,9,0.10000000149011612,0.9850294980343778,0.9913905333985492
libero_goal_task03_ep000_seed0_step0100,main_mean,3,0,1.0,0.11076264894873386,0.20316473925556466
libero_goal_task03_ep000_seed0_step0100,main_mean,3,1,0.8999999761581421,0.11288366739567221,0.20146077162801282
libero_goal_task03_ep000_seed0_step0100,main_mean,3,2,0.800000011920929,0.12026193203585316,0.20138144279125073
libero_goal_task03_ep000_seed0_step0100,main_mean,3,3,0.699999988079071,0.13041211068497072,0.20027909382389628
libero_goal_task03_ep000_seed0_step0100,main_mean,3,4,0.6000000238418579,0.144482325456065,0.20159772088498598
libero_goal_task03_ep000_seed0_step0100,main_mean,3,5,0.5,0.16353727809306318,0.21083612988750566
libero_goal_task03_ep000_seed0_step0100,main_mean,3,6,0.4000000059604645,0.1880529827278515,0.24075857640533854
libero_goal_task03_ep000_seed0_step0100,main_mean,3,7,0.30000001192092896,0.2214578371474924,0.2984738230366694
libero_goal_task03_ep000_seed0_step0100,main_mean,3,8,0.20000000298023224,0.2707738851733688,0.3979921015812836
libero_goal_task03_ep000_seed0_step0100,main_mean,3,9,0.10000000149011612,0.358228640218906,0.5517189797677915
libero_goal_task03_ep000_seed0_step0100,main_mean,7,0,1.0,0.22505589079862756,0.20316473925556466
libero_goal_task03_ep000_seed0_step0100,main_mean,7,1,0.8999999761581421,0.22827242647648344,0.20146077162801282
libero_goal_task03_ep000_seed0_step0100,main_mean,7,2,0.800000011920929,0.2363469391899992,0.20138144279125073
libero_goal_task03_ep000_seed0_step0100,main_mean,7,3,0.699999988079071,0.24530495784991507,0.20027909382389628
libero_goal_task03_ep000_seed0_step0100,main_mean,7,4,0.6000000238418579,0.257575645891615,0.20159772088498598
libero_goal_task03_ep000_seed0_step0100,main_mean,7,5,0.5,0.2738726504391085,0.21083612988750566
libero_goal_task03_ep000_seed0_step0100,main_mean,7,6,0.4000000059604645,0.2953526995928816,0.24075857640533854
libero_goal_task03_ep000_seed0_step0100,main_mean,7,7,0.30000001192092896,0.32765603991105885,0.2984738230366694
libero_goal_task03_ep000_seed0_step0100,main_mean,7,8,0.20000000298023224,0.37785807512823927,0.3979921015812836
libero_goal_task03_ep000_seed0_step0100,main_mean,7,9,0.10000000149011612,0.4622351495810203,0.5517189797677915
libero_goal_task03_ep000_seed0_step0100,main_mean,11,0,1.0,0.3042762518627345,0.20316473925556466
libero_goal_task03_ep000_seed0_step0100,main_mean,11,1,0.8999999761581421,0.3093791853310284,0.20146077162801282
libero_goal_task03_ep000_seed0_step0100,main_mean,11,2,0.800000011920929,0.31905584465094766,0.20138144279125073
libero_goal_task03_ep000_seed0_step0100,main_mean,11,3,0.699999988079071,0.329376309796012,0.20027909382389628
libero_goal_task03_ep000_seed0_step0100,main_mean,11,4,0.6000000238418579,0.3430082588013996,0.20159772088498598
libero_goal_task03_ep000_seed0_step0100,main_mean,11,5,0.5,0.3603610233956216,0.21083612988750566
libero_goal_task03_ep000_seed0_step0100,main_mean,11,6,0.4000000059604645,0.38512915391527,0.24075857640533854
libero_goal_task03_ep000_seed0_step0100,main_mean,11,7,0.30000001192092896,0.4219801207834317,0.2984738230366694
libero_goal_task03_ep000_seed0_step0100,main_mean,11,8,0.20000000298023224,0.4763803126255201,0.3979921015812836
libero_goal_task03_ep000_seed0_step0100,main_mean,11,9,0.10000000149011612,0.5508555440277968,0.5517189797677915
libero_goal_task03_ep000_seed0_step0100,main_mean,15,0,1.0,0.2741722596979725,0.20316473925556466
libero_goal_task03_ep000_seed0_step0100,main_mean,15,1,0.8999999761581421,0.28141294763610414,0.20146077162801282
libero_goal_task03_ep000_seed0_step0100,main_mean,15,2,0.800000011920929,0.2930426792902347,0.20138144279125073
libero_goal_task03_ep000_seed0_step0100,main_mean,15,3,0.699999988079071,0.30610004068062546,0.20027909382389628
libero_goal_task03_ep000_seed0_step0100,main_mean,15,4,0.6000000238418579,0.3234403858618197,0.20159772088498598
libero_goal_task03_ep000_seed0_step0100,main_mean,15,5,0.5,0.34618874158782775,0.21083612988750566
libero_goal_task03_ep000_seed0_step0100,main_mean,15,6,0.4000000059604645,0.3796299346735782,0.24075857640533854
libero_goal_task03_ep000_seed0_step0100,main_mean,15,7,0.30000001192092896,0.42688985312937316,0.2984738230366694
libero_goal_task03_ep000_seed0_step0100,main_mean,15,8,0.20000000298023224,0.48934872281213754,0.3979921015812836
libero_goal_task03_ep000_seed0_step0100,main_mean,15,9,0.10000000149011612,0.5626051499409527,0.5517189797677915
libero_goal_task03_ep000_seed0_step0100,wrist_mean,3,0,1.0,0.07753467222145831,0.2141478015633313
libero_goal_task03_ep000_seed0_step0100,wrist_mean,3,1,0.8999999761581421,0.07939848169422264,0.20868240813328406
libero_goal_task03_ep000_seed0_step0100,wrist_mean,3,2,0.800000011920929,0.08674936838436312,0.2101248645837173
libero_goal_task03_ep000_seed0_step0100,wrist_mean,3,3,0.699999988079071,0.09813586794064905,0.21039935683489905
libero_goal_task03_ep000_seed0_step0100,wrist_mean,3,4,0.6000000238418579,0.11494718181494136,0.2201304769044853
libero_goal_task03_ep000_seed0_step0100,wrist_mean,3,5,0.5,0.1379373061995766,0.2411058847788493
libero_goal_task03_ep000_seed0_step0100,wrist_mean,3,6,0.4000000059604645,0.16831531525107138,0.2840881002911242
libero_goal_task03_ep000_seed0_step0100,wrist_mean,3,7,0.30000001192092896,0.20872908599563736,0.35520138852042876
libero_goal_task03_ep000_seed0_step0100,wrist_mean,3,8,0.20000000298023224,0.2667520540136545,0.4661665588532264
libero_goal_task03_ep000_seed0_step0100,wrist_mean,3,9,0.10000000149011612,0.3629206327669983,0.6193707277053517
libero_goal_task03_ep000_seed0_step0100,wrist_mean,7,0,1.0,0.1516325494638631,0.2141478015633313
libero_goal_task03_ep000_seed0_step0100,wrist_mean,7,1,0.8999999761581421,0.1537403581424666,0.20868240813328406
libero_goal_task03_ep000_seed0_step0100,wrist_mean,7,2,0.800000011920929,0.16117983316766965,0.2101248645837173
libero_goal_task03_ep000_seed0_step0100,wrist_mean,7,3,0.699999988079071,0.17154536926037225,0.21039935683489905
libero_goal_task03_ep000_seed0_step0100,wrist_mean,7,4,0.6000000238418579,0.18733542392033353,0.2201304769044853
libero_goal_task03_ep000_seed0_step0100,wrist_mean,7,5,0.5,0.20992165369373847,0.2411058847788493
libero_goal_task03_ep000_seed0_step0100,wrist_mean,7,6,0.4000000059604645,0.24148084028067268,0.2840881002911242
libero_goal_task03_ep000_seed0_step0100,wrist_mean,7,7,0.30000001192092896,0.2862521140388464,0.35520138852042876
libero_goal_task03_ep000_seed0_step0100,wrist_mean,7,8,0.20000000298023224,0.3516665799043927,0.4661665588532264
libero_goal_task03_ep000_seed0_step0100,wrist_mean,7,9,0.10000000149011612,0.45181249884880337,0.6193707277053517
libero_goal_task03_ep000_seed0_step0100,wrist_mean,11,0,1.0,0.24805926010295212,0.2141478015633313
libero_goal_task03_ep000_seed0_step0100,wrist_mean,11,1,0.8999999761581421,0.24972843724098742,0.20868240813328406
libero_goal_task03_ep000_seed0_step0100,wrist_mean,11,2,0.800000011920929,0.2568075653653487,0.2101248645837173
libero_goal_task03_ep000_seed0_step0100,wrist_mean,11,3,0.699999988079071,0.2661017845152114,0.21039935683489905
libero_goal_task03_ep000_seed0_step0100,wrist_mean,11,4,0.6000000238418579,0.281629412164826,0.2201304769044853
libero_goal_task03_ep000_seed0_step0100,wrist_mean,11,5,0.5,0.3044078188392422,0.2411058847788493
libero_goal_task03_ep000_seed0_step0100,wrist_mean,11,6,0.4000000059604645,0.3397107703438644,0.2840881002911242
libero_goal_task03_ep000_seed0_step0100,wrist_mean,11,7,0.30000001192092896,0.39083085788340116,0.35520138852042876
libero_goal_task03_ep000_seed0_step0100,wrist_mean,11,8,0.20000000298023224,0.46124465853481866,0.4661665588532264
libero_goal_task03_ep000_seed0_step0100,wrist_mean,11,9,0.10000000149011612,0.5509495386506418,0.6193707277053517
libero_goal_task03_ep000_seed0_step0100,wrist_mean,15,0,1.0,0.2692532614091944,0.2141478015633313
libero_goal_task03_ep000_seed0_step0100,wrist_mean,15,1,0.8999999761581421,0.2723336916638062,0.20868240813328406
libero_goal_task03_ep000_seed0_step0100,wrist_mean,15,2,0.800000011920929,0.28145821074541644,0.2101248645837173
libero_goal_task03_ep000_seed0_step0100,wrist_mean,15,3,0.699999988079071,0.2916789274150132,0.21039935683489905
libero_goal_task03_ep000_seed0_step0100,wrist_mean,15,4,0.6000000238418579,0.30896694525974083,0.2201304769044853
libero_goal_task03_ep000_seed0_step0100,wrist_mean,15,5,0.5,0.33351578681111044,0.2411058847788493
libero_goal_task03_ep000_seed0_step0100,wrist_mean,15,6,0.4000000059604645,0.37287726568383806,0.2840881002911242
libero_goal_task03_ep000_seed0_step0100,wrist_mean,15,7,0.30000001192092896,0.42897689395058974,0.35520138852042876
libero_goal_task03_ep000_seed0_step0100,wrist_mean,15,8,0.20000000298023224,0.5013706217802291,0.4661665588532264
libero_goal_task03_ep000_seed0_step0100,wrist_mean,15,9,0.10000000149011612,0.5831268889161987,0.6193707277053517
libero_goal_task03_ep001_seed1_step0050,paraphrase,3,0,1.0,0.09333790283366357,0.15497008496053757
libero_goal_task03_ep001_seed1_step0050,paraphrase,3,1,0.8999999761581421,0.09586901640330962,0.1606234374361991
libero_goal_task03_ep001_seed1_step0050,paraphrase,3,2,0.800000011920929,0.10219938452499257,0.16394467393958387
libero_goal_task03_ep001_seed1_step0050,paraphrase,3,3,0.699999988079071,0.10972425477070887,0.16366848731455658
libero_goal_task03_ep001_seed1_step0050,paraphrase,3,4,0.6000000238418579,0.12020609316085419,0.16788299578883795
libero_goal_task03_ep001_seed1_step0050,paraphrase,3,5,0.5,0.1338335167860294,0.16948850384608882
libero_goal_task03_ep001_seed1_step0050,paraphrase,3,6,0.4000000059604645,0.15083834435742627,0.1729275828516205
libero_goal_task03_ep001_seed1_step0050,paraphrase,3,7,0.30000001192092896,0.1712895737955301,0.18542930637227642
libero_goal_task03_ep001_seed1_step0050,paraphrase,3,8,0.20000000298023224,0.19643560863903037,0.21505614065046005
libero_goal_task03_ep001_seed1_step0050,paraphrase,3,9,0.10000000149011612,0.22841765171105954,0.28302883590060063
libero_goal_task03_ep001_seed1_step0050,paraphrase,7,0,1.0,0.20284791166460095,0.15497008496053757
libero_goal_task03_ep001_seed1_step0050,paraphrase,7,1,0.8999999761581421,0.20839040590160596,0.1606234374361991
libero_goal_task03_ep001_seed1_step0050,paraphrase,7,2,0.800000011920929,0.2162292251416999,0.16394467393958387
libero_goal_task03_ep001_seed1_step0050,paraphrase,7,3,0.699999988079071,0.2242760586727656,0.16366848731455658
libero_goal_task03_ep001_seed1_step0050,paraphrase,7,4,0.6000000238418579,0.23390222252905474,0.16788299578883795
libero_goal_task03_ep001_seed1_step0050,paraphrase,7,5,0.5,0.245309318883773,0.16948850384608882
libero_goal_task03_ep001_seed1_step0050,paraphrase,7,6,0.4000000059604645,0.25883487114083786,0.1729275828516205
libero_goal_task03_ep001_seed1_step0050,paraphrase,7,7,0.30000001192092896,0.2753599995667128,0.18542930637227642
libero_goal_task03_ep001_seed1_step0050,paraphrase,7,8,0.20000000298023224,0.2952060219764945,0.21505614065046005
libero_goal_task03_ep001_seed1_step0050,paraphrase,7,9,0.10000000149011612,0.31705713886273457,0.28302883590060063
libero_goal_task03_ep001_seed1_step0050,paraphrase,11,0,1.0,0.30480994475651324,0.15497008496053757
libero_goal_task03_ep001_seed1_step0050,paraphrase,11,1,0.8999999761581421,0.3127243988276587,0.1606234374361991
libero_goal_task03_ep001_seed1_step0050,paraphrase,11,2,0.800000011920929,0.3224300268452036,0.16394467393958387
libero_goal_task03_ep001_seed1_step0050,paraphrase,11,3,0.699999988079071,0.33081169746573186,0.16366848731455658
libero_goal_task03_ep001_seed1_step0050,paraphrase,11,4,0.6000000238418579,0.3410626637450659,0.16788299578883795
libero_goal_task03_ep001_seed1_step0050,paraphrase,11,5,0.5,0.35078244111904894,0.16948850384608882
libero_goal_task03_ep001_seed1_step0050,paraphrase,11,6,0.4000000059604645,0.36072950960881706,0.1729275828516205
libero_goal_task03_ep001_seed1_step0050,paraphrase,11,7,0.30000001192092896,0.37166892436401194,0.18542930637227642
libero_goal_task03_ep001_seed1_step0050,paraphrase,11,8,0.20000000298023224,0.38301829515425695,0.21505614065046005
libero_goal_task03_ep001_seed1_step0050,paraphrase,11,9,0.10000000149011612,0.39418313169771724,0.28302883590060063
libero_goal_task03_ep001_seed1_step0050,paraphrase,15,0,1.0,0.3145196887995387,0.15497008496053757
libero_goal_task03_ep001_seed1_step0050,paraphrase,15,1,0.8999999761581421,0.3265934332255715,0.1606234374361991
libero_goal_task03_ep001_seed1_step0050,paraphrase,15,2,0.800000011920929,0.33918747840261804,0.16394467393958387
libero_goal_task03_ep001_seed1_step0050,paraphrase,15,3,0.699999988079071,0.3504494198278746,0.16366848731455658
libero_goal_task03_ep001_seed1_step0050,paraphrase,15,4,0.6000000238418579,0.36626900545078334,0.16788299578883795
libero_goal_task03_ep001_seed1_step0050,paraphrase,15,5,0.5,0.38109055940520853,0.16948850384608882
libero_goal_task03_ep001_seed1_step0050,paraphrase,15,6,0.4000000059604645,0.39719556430109465,0.1729275828516205
libero_goal_task03_ep001_seed1_step0050,paraphrase,15,7,0.30000001192092896,0.4145024665061471,0.18542930637227642
libero_goal_task03_ep001_seed1_step0050,paraphrase,15,8,0.20000000298023224,0.42922326027383323,0.21505614065046005
libero_goal_task03_ep001_seed1_step0050,paraphrase,15,9,0.10000000149011612,0.43318506618730374,0.28302883590060063
libero_goal_task03_ep001_seed1_step0050,alternate_goal,3,0,1.0,0.10958807706788125,0.3686593877320628
libero_goal_task03_ep001_seed1_step0050,alternate_goal,3,1,0.8999999761581421,0.11500509330251465,0.37157859130242227
libero_goal_task03_ep001_seed1_step0050,alternate_goal,3,2,0.800000011920929,0.12913943786464163,0.3749575359993312
libero_goal_task03_ep001_seed1_step0050,alternate_goal,3,3,0.699999988079071,0.15121472212348763,0.37756002616137435
libero_goal_task03_ep001_seed1_step0050,alternate_goal,3,4,0.6000000238418579,0.1828298691043639,0.38510714216224096
libero_goal_task03_ep001_seed1_step0050,alternate_goal,3,5,0.5,0.225323826413534,0.39715905551208686
libero_goal_task03_ep001_seed1_step0050,alternate_goal,3,6,0.4000000059604645,0.2791340561836378,0.42756466494931833
libero_goal_task03_ep001_seed1_step0050,alternate_goal,3,7,0.30000001192092896,0.3468097522400447,0.4719545217003965
libero_goal_task03_ep001_seed1_step0050,alternate_goal,3,8,0.20000000298023224,0.43456700761182054,0.5366228800917138
libero_goal_task03_ep001_seed1_step0050,alternate_goal,3,9,0.10000000149011612,0.5590022407261813,0.6305178327709824
libero_goal_task03_ep001_seed1_step0050,alternate_goal,7,0,1.0,0.30008751620214524,0.3686593877320628
libero_goal_task03_ep001_seed1_step0050,alternate_goal,7,1,0.8999999761581421,0.30788178156906015,0.37157859130242227
libero_goal_task03_ep001_seed1_step0050,alternate_goal,7,2,0.800000011920929,0.32190199048522367,0.3749575359993312
libero_goal_task03_ep001_seed1_step0050,alternate_goal,7,3,0.699999988079071,0.34028762665776763,0.37756002616137435
libero_goal_task03_ep001_seed1_step0050,alternate_goal,7,4,0.6000000238418579,0.3672645815329244,0.38510714216224096
libero_goal_task03_ep001_seed1_step0050,alternate_goal,7,5,0.5,0.4050635601234394,0.39715905551208686
libero_goal_task03_ep001_seed1_step0050,alternate_goal,7,6,0.4000000059604645,0.45616726108927996,0.42756466494931833
libero_goal_task03_ep001_seed1_step0050,alternate_goal,7,7,0.30000001192092896,0.5241621867708278,0.4719545217003965
libero_goal_task03_ep001_seed1_step0050,alternate_goal,7,8,0.20000000298023224,0.6079409920626919,0.5366228800917138
libero_goal_task03_ep001_seed1_step0050,alternate_goal,7,9,0.10000000149011612,0.7130802533931726,0.6305178327709824
libero_goal_task03_ep001_seed1_step0050,alternate_goal,11,0,1.0,0.46425541145308435,0.3686593877320628
libero_goal_task03_ep001_seed1_step0050,alternate_goal,11,1,0.8999999761581421,0.4780085300107689,0.37157859130242227
libero_goal_task03_ep001_seed1_step0050,alternate_goal,11,2,0.800000011920929,0.49416785614332404,0.3749575359993312
libero_goal_task03_ep001_seed1_step0050,alternate_goal,11,3,0.699999988079071,0.5121093891725422,0.37756002616137435
libero_goal_task03_ep001_seed1_step0050,alternate_goal,11,4,0.6000000238418579,0.5381941975269547,0.38510714216224096
libero_goal_task03_ep001_seed1_step0050,alternate_goal,11,5,0.5,0.573431883111795,0.39715905551208686
libero_goal_task03_ep001_seed1_step0050,alternate_goal,11,6,0.4000000059604645,0.62259184134536,0.42756466494931833
libero_goal_task03_ep001_seed1_step0050,alternate_goal,11,7,0.30000001192092896,0.6841002250052814,0.4719545217003965
libero_goal_task03_ep001_seed1_step0050,alternate_goal,11,8,0.20000000298023224,0.7507379496710911,0.5366228800917138
libero_goal_task03_ep001_seed1_step0050,alternate_goal,11,9,0.10000000149011612,0.8229385273830582,0.6305178327709824
libero_goal_task03_ep001_seed1_step0050,alternate_goal,15,0,1.0,0.4757813788497992,0.3686593877320628
libero_goal_task03_ep001_seed1_step0050,alternate_goal,15,1,0.8999999761581421,0.49428445622013517,0.37157859130242227
libero_goal_task03_ep001_seed1_step0050,alternate_goal,15,2,0.800000011920929,0.5124936309250615,0.3749575359993312
libero_goal_task03_ep001_seed1_step0050,alternate_goal,15,3,0.699999988079071,0.5335561828961681,0.37756002616137435
libero_goal_task03_ep001_seed1_step0050,alternate_goal,15,4,0.6000000238418579,0.5635899957541175,0.38510714216224096
libero_goal_task03_ep001_seed1_step0050,alternate_goal,15,5,0.5,0.6021440796914654,0.39715905551208686
libero_goal_task03_ep001_seed1_step0050,alternate_goal,15,6,0.4000000059604645,0.6533099022234836,0.42756466494931833
libero_goal_task03_ep001_seed1_step0050,alternate_goal,15,7,0.30000001192092896,0.7154042498781313,0.4719545217003965
libero_goal_task03_ep001_seed1_step0050,alternate_goal,15,8,0.20000000298023224,0.7814697029765758,0.5366228800917138
libero_goal_task03_ep001_seed1_step0050,alternate_goal,15,9,0.10000000149011612,0.8423338512518417,0.6305178327709824
libero_goal_task03_ep001_seed1_step0050,contradictory_alternate_goal,3,0,1.0,0.07373305082322743,0.19425657573459668
libero_goal_task03_ep001_seed1_step0050,contradictory_alternate_goal,3,1,0.8999999761581421,0.07646741284826472,0.19721354689355586
libero_goal_task03_ep001_seed1_step0050,contradictory_alternate_goal,3,2,0.800000011920929,0.08403294860973552,0.19816647523538702
libero_goal_task03_ep001_seed1_step0050,contradictory_alternate_goal,3,3,0.699999988079071,0.09457923774676441,0.1940659155785743
libero_goal_task03_ep001_seed1_step0050,contradictory_alternate_goal,3,4,0.6000000238418579,0.10941962136604198,0.1970856234105797
libero_goal_task03_ep001_seed1_step0050,contradictory_alternate_goal,3,5,0.5,0.12885273303087866,0.19906217289721084
libero_goal_task03_ep001_seed1_step0050,contradictory_alternate_goal,3,6,0.4000000059604645,0.15280581297458465,0.21130454416112157
libero_goal_task03_ep001_seed1_step0050,contradictory_alternate_goal,3,7,0.30000001192092896,0.18160171080736484,0.23668208764536064
libero_goal_task03_ep001_seed1_step0050,contradictory_alternate_goal,3,8,0.20000000298023224,0.2181796739225704,0.2811910827968868
libero_goal_task03_ep001_seed1_step0050,contradictory_alternate_goal,3,9,0.10000000149011612,0.2701587601897831,0.38272608551206005
libero_goal_task03_ep001_seed1_step0050,contradictory_alternate_goal,7,0,1.0,0.25221058368397337,0.19425657573459668
libero_goal_task03_ep001_seed1_step0050,contradictory_alternate_goal,7,1,0.8999999761581421,0.2587378259489984,0.19721354689355586
libero_goal_task03_ep001_seed1_step0050,contradictory_alternate_goal,7,2,0.800000011920929,0.2697178728774489,0.19816647523538702
libero_goal_task03_ep001_seed1_step0050,contradictory_alternate_goal,7,3,0.699999988079071,0.2804327286722858,0.1940659155785743
libero_goal_task03_ep001_seed1_step0050,contradictory_alternate_goal,7,4,0.6000000238418579,0.2941345701468428,0.1970856234105797
libero_goal_task03_ep001_seed1_step0050,contradictory_alternate_goal,7,5,0.5,0.309322673383906,0.19906217289721084
libero_goal_task03_ep001_seed1_step0050,contradictory_alternate_goal,7,6,0.4000000059604645,0.32679193028081244,0.21130454416112157
libero_goal_task03_ep001_seed1_step0050,contradictory_alternate_goal,7,7,0.30000001192092896,0.34813849546682535,0.23668208764536064
libero_goal_task03_ep001_seed1_step0050,contradictory_alternate_goal,7,8,0.20000000298023224,0.3756094489195154,0.2811910827968868
libero_goal_task03_ep001_seed1_step0050,contradictory_alternate_goal,7,9,0.10000000149011612,0.41385240782897276,0.38272608551206005
libero_goal_task03_ep001_seed1_step0050,contradictory_alternate_goal,11,0,1.0,0.36828201842459757,0.19425657573459668
libero_goal_task03_ep001_seed1_step0050,contradictory_alternate_goal,11,1,0.8999999761581421,0.37859330418467696,0.19721354689355586
libero_goal_task03_ep001_seed1_step0050,contradictory_alternate_goal,11,2,0.800000011920929,0.3906725259646836,0.19816647523538702
libero_goal_task03_ep001_seed1_step0050,contradictory_alternate_goal,11,3,0.699999988079071,0.40143048645802626,0.1940659155785743
libero_goal_task03_ep001_seed1_step0050,contradictory_alternate_goal,11,4,0.6000000238418579,0.41537677876759227,0.1970856234105797
libero_goal_task03_ep001_seed1_step0050,contradictory_alternate_goal,11,5,0.5,0.4288169641823217,0.19906217289721084
libero_goal_task03_ep001_seed1_step0050,contradictory_alternate_goal,11,6,0.4000000059604645,0.4425417522658558,0.21130454416112157
libero_goal_task03_ep001_seed1_step0050,contradictory_alternate_goal,11,7,0.30000001192092896,0.4572088841101228,0.23668208764536064
libero_goal_task03_ep001_seed1_step0050,contradictory_alternate_goal,11,8,0.20000000298023224,0.4753828140896592,0.2811910827968868
libero_goal_task03_ep001_seed1_step0050,contradictory_alternate_goal,11,9,0.10000000149011612,0.49808091287022244,0.38272608551206005
libero_goal_task03_ep001_seed1_step0050,contradictory_alternate_goal,15,0,1.0,0.37114455911806754,0.19425657573459668
libero_goal_task03_ep001_seed1_step0050,contradictory_alternate_goal,15,1,0.8999999761581421,0.3861767656067678,0.19721354689355586
libero_goal_task03_ep001_seed1_step0050,contradictory_alternate_goal,15,2,0.800000011920929,0.40127677065773454,0.19816647523538702
libero_goal_task03_ep001_seed1_step0050,contradictory_alternate_goal,15,3,0.699999988079071,0.41456832877630145,0.1940659155785743
libero_goal_task03_ep001_seed1_step0050,contradictory_alternate_goal,15,4,0.6000000238418579,0.43394772372287777,0.1970856234105797
libero_goal_task03_ep001_seed1_step0050,contradictory_alternate_goal,15,5,0.5,0.45200300122217185,0.19906217289721084
libero_goal_task03_ep001_seed1_step0050,contradictory_alternate_goal,15,6,0.4000000059604645,0.4720203944334894,0.21130454416112157
libero_goal_task03_ep001_seed1_step0050,contradictory_alternate_goal,15,7,0.30000001192092896,0.49359337546324633,0.23668208764536064
libero_goal_task03_ep001_seed1_step0050,contradictory_alternate_goal,15,8,0.20000000298023224,0.5168934278078688,0.2811910827968868
libero_goal_task03_ep001_seed1_step0050,contradictory_alternate_goal,15,9,0.10000000149011612,0.5330003337154977,0.38272608551206005
libero_goal_task03_ep001_seed1_step0050,main_mean,3,0,1.0,0.09979264003135878,0.13657755536091584
libero_goal_task03_ep001_seed1_step0050,main_mean,3,1,0.8999999761581421,0.10108420138426812,0.1330089919515137
libero_goal_task03_ep001_seed1_step0050,main_mean,3,2,0.800000011920929,0.1057864002418535,0.13208600783969035
libero_goal_task03_ep001_seed1_step0050,main_mean,3,3,0.699999988079071,0.11161589829956751,0.13151698839343948
libero_goal_task03_ep001_seed1_step0050,main_mean,3,4,0.6000000238418579,0.11944523607912479,0.13266410727036657
libero_goal_task03_ep001_seed1_step0050,main_mean,3,5,0.5,0.12967195980941534,0.13370582303593675
libero_goal_task03_ep001_seed1_step0050,main_mean,3,6,0.4000000059604645,0.1425161432383826,0.13896003271663787
libero_goal_task03_ep001_seed1_step0050,main_mean,3,7,0.30000001192092896,0.15881447312606353,0.15276825407435338
libero_goal_task03_ep001_seed1_step0050,main_mean,3,8,0.20000000298023224,0.18130989057653854,0.20207974648703572
libero_goal_task03_ep001_seed1_step0050,main_mean,3,9,0.10000000149011612,0.21892444003348788,0.31483720073715876
libero_goal_task03_ep001_seed1_step0050,main_mean,7,0,1.0,0.1988423955215726,0.13657755536091584
libero_goal_task03_ep001_seed1_step0050,main_mean,7,1,0.8999999761581421,0.20190503157934617,0.1330089919515137
libero_goal_task03_ep001_seed1_step0050,main_mean,7,2,0.800000011920929,0.20856950326929163,0.13208600783969035
libero_goal_task03_ep001_seed1_step0050,main_mean,7,3,0.699999988079071,0.21560923482876873,0.13151698839343948
libero_goal_task03_ep001_seed1_step0050,main_mean,7,4,0.6000000238418579,0.22449923737026295,0.13266410727036657
libero_goal_task03_ep001_seed1_step0050,main_mean,7,5,0.5,0.23516168013774544,0.13370582303593675
libero_goal_task03_ep001_seed1_step0050,main_mean,7,6,0.4000000059604645,0.24756038328775568,0.13896003271663787
libero_goal_task03_ep001_seed1_step0050,main_mean,7,7,0.30000001192092896,0.26262872087173544,0.15276825407435338
libero_goal_task03_ep001_seed1_step0050,main_mean,7,8,0.20000000298023224,0.2829350254830597,0.20207974648703572
libero_goal_task03_ep001_seed1_step0050,main_mean,7,9,0.10000000149011612,0.3172944865809467,0.31483720073715876
libero_goal_task03_ep001_seed1_step0050,main_mean,11,0,1.0,0.2706747651558535,0.13657755536091584
libero_goal_task03_ep001_seed1_step0050,main_mean,11,1,0.8999999761581421,0.2753180211831907,0.1330089919515137
libero_goal_task03_ep001_seed1_step0050,main_mean,11,2,0.800000011920929,0.28303192881876493,0.13208600783969035
libero_goal_task03_ep001_seed1_step0050,main_mean,11,3,0.699999988079071,0.29072680947156526,0.13151698839343948
libero_goal_task03_ep001_seed1_step0050,main_mean,11,4,0.6000000238418579,0.30031418218323286,0.13266410727036657
libero_goal_task03_ep001_seed1_step0050,main_mean,11,5,0.5,0.31154028078649515,0.13370582303593675
libero_goal_task03_ep001_seed1_step0050,main_mean,11,6,0.4000000059604645,0.32388348464731403,0.13896003271663787
libero_goal_task03_ep001_seed1_step0050,main_mean,11,7,0.30000001192092896,0.33808833585651193,0.15276825407435338
libero_goal_task03_ep001_seed1_step0050,main_mean,11,8,0.20000000298023224,0.3558670878056206,0.20207974648703572
libero_goal_task03_ep001_seed1_step0050,main_mean,11,9,0.10000000149011612,0.3857322158175684,0.31483720073715876
libero_goal_task03_ep001_seed1_step0050,main_mean,15,0,1.0,0.24139206428806884,0.13657755536091584
libero_goal_task03_ep001_seed1_step0050,main_mean,15,1,0.8999999761581421,0.24683978195693831,0.1330089919515137
libero_goal_task03_ep001_seed1_step0050,main_mean,15,2,0.800000011920929,0.25480046087407343,0.13208600783969035
libero_goal_task03_ep001_seed1_step0050,main_mean,15,3,0.699999988079071,0.2635235254895009,0.13151698839343948
libero_goal_task03_ep001_seed1_step0050,main_mean,15,4,0.6000000238418579,0.2752975519820977,0.13266410727036657
libero_goal_task03_ep001_seed1_step0050,main_mean,15,5,0.5,0.28986406996697656,0.13370582303593675
libero_goal_task03_ep001_seed1_step0050,main_mean,15,6,0.4000000059604645,0.3075690036547401,0.13896003271663787
libero_goal_task03_ep001_seed1_step0050,main_mean,15,7,0.30000001192092896,0.33003602969943185,0.15276825407435338
libero_goal_task03_ep001_seed1_step0050,main_mean,15,8,0.20000000298023224,0.35786660752645755,0.20207974648703572
libero_goal_task03_ep001_seed1_step0050,main_mean,15,9,0.10000000149011612,0.394313425885933,0.31483720073715876
libero_goal_task03_ep001_seed1_step0050,wrist_mean,3,0,1.0,0.08265812351937661,0.11834884374008206
libero_goal_task03_ep001_seed1_step0050,wrist_mean,3,1,0.8999999761581421,0.0834001751713412,0.11554794259671773
libero_goal_task03_ep001_seed1_step0050,wrist_mean,3,2,0.800000011920929,0.0870636109554552,0.11455829735673165
libero_goal_task03_ep001_seed1_step0050,wrist_mean,3,3,0.699999988079071,0.09193560200390663,0.11323626386906578
libero_goal_task03_ep001_seed1_step0050,wrist_mean,3,4,0.6000000238418579,0.09856145417473308,0.11440548885308191
libero_goal_task03_ep001_seed1_step0050,wrist_mean,3,5,0.5,0.10760270821186418,0.11766807265147575
libero_goal_task03_ep001_seed1_step0050,wrist_mean,3,6,0.4000000059604645,0.11909977564284643,0.1271347877851359
libero_goal_task03_ep001_seed1_step0050,wrist_mean,3,7,0.30000001192092896,0.1341742383548076,0.1515304296127558
libero_goal_task03_ep001_seed1_step0050,wrist_mean,3,8,0.20000000298023224,0.1550508381343941,0.20440459766416827
libero_goal_task03_ep001_seed1_step0050,wrist_mean,3,9,0.10000000149011612,0.18834055155439777,0.297921308931968
libero_goal_task03_ep001_seed1_step0050,wrist_mean,7,0,1.0,0.159844420746832,0.11834884374008206
libero_goal_task03_ep001_seed1_step0050,wrist_mean,7,1,0.8999999761581421,0.16094627087208876,0.11554794259671773
libero_goal_task03_ep001_seed1_step0050,wrist_mean,7,2,0.800000011920929,0.16545632403474425,0.11455829735673165
libero_goal_task03_ep001_seed1_step0050,wrist_mean,7,3,0.699999988079071,0.17035408440277328,0.11323626386906578
libero_goal_task03_ep001_seed1_step0050,wrist_mean,7,4,0.6000000238418579,0.17664077759761013,0.11440548885308191
libero_goal_task03_ep001_seed1_step0050,wrist_mean,7,5,0.5,0.18485163651197647,0.11766807265147575
libero_goal_task03_ep001_seed1_step0050,wrist_mean,7,6,0.4000000059604645,0.19514923675028495,0.1271347877851359
libero_goal_task03_ep001_seed1_step0050,wrist_mean,7,7,0.30000001192092896,0.20819257651391038,0.1515304296127558
libero_goal_task03_ep001_seed1_step0050,wrist_mean,7,8,0.20000000298023224,0.22639909510266226,0.20440459766416827
libero_goal_task03_ep001_seed1_step0050,wrist_mean,7,9,0.10000000149011612,0.2563130609789928,0.297921308931968
libero_goal_task03_ep001_seed1_step0050,wrist_mean,11,0,1.0,0.2396084071786291,0.11834884374008206
libero_goal_task03_ep001_seed1_step0050,wrist_mean,11,1,0.8999999761581421,0.23979367223816966,0.11554794259671773
libero_goal_task03_ep001_seed1_step0050,wrist_mean,11,2,0.800000011920929,0.24431669981531862,0.11455829735673165
libero_goal_task03_ep001_seed1_step0050,wrist_mean,11,3,0.699999988079071,0.24865384436324678,0.11323626386906578
libero_goal_task03_ep001_seed1_step0050,wrist_mean,11,4,0.6000000238418579,0.2551656018977311,0.11440548885308191
libero_goal_task03_ep001_seed1_step0050,wrist_mean,11,5,0.5,0.2631680077338436,0.11766807265147575
libero_goal_task03_ep001_seed1_step0050,wrist_mean,11,6,0.4000000059604645,0.2730098611757495,0.1271347877851359
libero_goal_task03_ep001_seed1_step0050,wrist_mean,11,7,0.30000001192092896,0.2858187933303336,0.1515304296127558
libero_goal_task03_ep001_seed1_step0050,wrist_mean,11,8,0.20000000298023224,0.3023710340562801,0.20440459766416827
libero_goal_task03_ep001_seed1_step0050,wrist_mean,11,9,0.10000000149011612,0.32860993856589954,0.297921308931968
libero_goal_task03_ep001_seed1_step0050,wrist_mean,15,0,1.0,0.21880455495907103,0.11834884374008206
libero_goal_task03_ep001_seed1_step0050,wrist_mean,15,1,0.8999999761581421,0.22027079321617699,0.11554794259671773
libero_goal_task03_ep001_seed1_step0050,wrist_mean,15,2,0.800000011920929,0.22559857277491197,0.11455829735673165
libero_goal_task03_ep001_seed1_step0050,wrist_mean,15,3,0.699999988079071,0.2313552369503966,0.11323626386906578
libero_goal_task03_ep001_seed1_step0050,wrist_mean,15,4,0.6000000238418579,0.2412266747049322,0.11440548885308191
libero_goal_task03_ep001_seed1_step0050,wrist_mean,15,5,0.5,0.25365368546167344,0.11766807265147575
libero_goal_task03_ep001_seed1_step0050,wrist_mean,15,6,0.4000000059604645,0.2706080714739864,0.1271347877851359
libero_goal_task03_ep001_seed1_step0050,wrist_mean,15,7,0.30000001192092896,0.2940789306443316,0.1515304296127558
libero_goal_task03_ep001_seed1_step0050,wrist_mean,15,8,0.20000000298023224,0.3218905099006586,0.20440459766416827
libero_goal_task03_ep001_seed1_step0050,wrist_mean,15,9,0.10000000149011612,0.3532630255510438,0.297921308931968
libero_goal_task03_ep001_seed1_step0100,paraphrase,3,0,1.0,0.1049221814460995,0.29890856369374913
libero_goal_task03_ep001_seed1_step0100,paraphrase,3,1,0.8999999761581421,0.10866362412385148,0.28678963105621946
libero_goal_task03_ep001_seed1_step0100,paraphrase,3,2,0.800000011920929,0.11885431090351765,0.27892649223286
libero_goal_task03_ep001_seed1_step0100,paraphrase,3,3,0.699999988079071,0.13381698294825942,0.2710004316723103
libero_goal_task03_ep001_seed1_step0100,paraphrase,3,4,0.6000000238418579,0.15505274123702784,0.2751864064425937
libero_goal_task03_ep001_seed1_step0100,paraphrase,3,5,0.5,0.18262549465442873,0.29920734528816656
libero_goal_task03_ep001_seed1_step0100,paraphrase,3,6,0.4000000059604645,0.217019913485098,0.36591351931152366
libero_goal_task03_ep001_seed1_step0100,paraphrase,3,7,0.30000001192092896,0.26356136498501137,0.4588731268281003
libero_goal_task03_ep001_seed1_step0100,paraphrase,3,8,0.20000000298023224,0.3314331458477421,0.5603499478609847
libero_goal_task03_ep001_seed1_step0100,paraphrase,3,9,0.10000000149011612,0.44179865026402315,0.6826998636609893
libero_goal_task03_ep001_seed1_step0100,paraphrase,7,0,1.0,0.20494295925953596,0.29890856369374913
libero_goal_task03_ep001_seed1_step0100,paraphrase,7,1,0.8999999761581421,0.2114399114330941,0.28678963105621946
libero_goal_task03_ep001_seed1_step0100,paraphrase,7,2,0.800000011920929,0.22244968348650576,0.27892649223286
libero_goal_task03_ep001_seed1_step0100,paraphrase,7,3,0.699999988079071,0.23718559786380652,0.2710004316723103
libero_goal_task03_ep001_seed1_step0100,paraphrase,7,4,0.6000000238418579,0.25770117928527625,0.2751864064425937
libero_goal_task03_ep001_seed1_step0100,paraphrase,7,5,0.5,0.28497908641411873,0.29920734528816656
libero_goal_task03_ep001_seed1_step0100,paraphrase,7,6,0.4000000059604645,0.32003331178122085,0.36591351931152366
libero_goal_task03_ep001_seed1_step0100,paraphrase,7,7,0.30000001192092896,0.3695595065934472,0.4588731268281003
libero_goal_task03_ep001_seed1_step0100,paraphrase,7,8,0.20000000298023224,0.4423631425266153,0.5603499478609847
libero_goal_task03_ep001_seed1_step0100,paraphrase,7,9,0.10000000149011612,0.5529856802090689,0.6826998636609893
libero_goal_task03_ep001_seed1_step0100,paraphrase,11,0,1.0,0.32071616061996966,0.29890856369374913
libero_goal_task03_ep001_seed1_step0100,paraphrase,11,1,0.8999999761581421,0.32576491505599336,0.28678963105621946
libero_goal_task03_ep001_seed1_step0100,paraphrase,11,2,0.800000011920929,0.3362370702351988,0.27892649223286
libero_goal_task03_ep001_seed1_step0100,paraphrase,11,3,0.699999988079071,0.34859143349522576,0.2710004316723103
libero_goal_task03_ep001_seed1_step0100,paraphrase,11,4,0.6000000238418579,0.36790817210701937,0.2751864064425937
libero_goal_task03_ep001_seed1_step0100,paraphrase,11,5,0.5,0.39333470746411686,0.29920734528816656
libero_goal_task03_ep001_seed1_step0100,paraphrase,11,6,0.4000000059604645,0.4303948856628269,0.36591351931152366
libero_goal_task03_ep001_seed1_step0100,paraphrase,11,7,0.30000001192092896,0.48157758351686253,0.4588731268281003
libero_goal_task03_ep001_seed1_step0100,paraphrase,11,8,0.20000000298023224,0.5473201815645968,0.5603499478609847
libero_goal_task03_ep001_seed1_step0100,paraphrase,11,9,0.10000000149011612,0.6402244567608685,0.6826998636609893
libero_goal_task03_ep001_seed1_step0100,paraphrase,15,0,1.0,0.3433445555396483,0.29890856369374913
libero_goal_task03_ep001_seed1_step0100,paraphrase,15,1,0.8999999761581421,0.3496193078759882,0.28678963105621946
libero_goal_task03_ep001_seed1_step0100,paraphrase,15,2,0.800000011920929,0.360295845094074,0.27892649223286
libero_goal_task03_ep001_seed1_step0100,paraphrase,15,3,0.699999988079071,0.3718827318374664,0.2710004316723103
libero_goal_task03_ep001_seed1_step0100,paraphrase,15,4,0.6000000238418579,0.3905593852967581,0.2751864064425937
libero_goal_task03_ep001_seed1_step0100,paraphrase,15,5,0.5,0.41503503433972416,0.29920734528816656
libero_goal_task03_ep001_seed1_step0100,paraphrase,15,6,0.4000000059604645,0.4538360270738956,0.36591351931152366
libero_goal_task03_ep001_seed1_step0100,paraphrase,15,7,0.30000001192092896,0.5074798238355122,0.4588731268281003
libero_goal_task03_ep001_seed1_step0100,paraphrase,15,8,0.20000000298023224,0.570370689837442,0.5603499478609847
libero_goal_task03_ep001_seed1_step0100,paraphrase,15,9,0.10000000149011612,0.649732487760981,0.6826998636609893
libero_goal_task03_ep001_seed1_step0100,alternate_goal,3,0,1.0,0.12378103497023105,0.5996579781886553
libero_goal_task03_ep001_seed1_step0100,alternate_goal,3,1,0.8999999761581421,0.1332129082675185,0.6056807073359879
libero_goal_task03_ep001_seed1_step0100,alternate_goal,3,2,0.800000011920929,0.15977298678906304,0.6209986195834556
libero_goal_task03_ep001_seed1_step0100,alternate_goal,3,3,0.699999988079071,0.20271628748900566,0.6383277197471039
libero_goal_task03_ep001_seed1_step0100,alternate_goal,3,4,0.6000000238418579,0.26283938030051274,0.6661909984694782
libero_goal_task03_ep001_seed1_step0100,alternate_goal,3,5,0.5,0.3414867157464769,0.7031295047267688
libero_goal_task03_ep001_seed1_step0100,alternate_goal,3,6,0.4000000059604645,0.4386126081739211,0.7436809627859885
libero_goal_task03_ep001_seed1_step0100,alternate_goal,3,7,0.30000001192092896,0.5553768588343944,0.7844927781076991
libero_goal_task03_ep001_seed1_step0100,alternate_goal,3,8,0.20000000298023224,0.6952056926739958,0.8319879186982149
libero_goal_task03_ep001_seed1_step0100,alternate_goal,3,9,0.10000000149011612,0.8704347670462899,0.8474469471501024
libero_goal_task03_ep001_seed1_step0100,alternate_goal,7,0,1.0,0.3143898654903875,0.5996579781886553
libero_goal_task03_ep001_seed1_step0100,alternate_goal,7,1,0.8999999761581421,0.3225677321519943,0.6056807073359879
libero_goal_task03_ep001_seed1_step0100,alternate_goal,7,2,0.800000011920929,0.3444756630243386,0.6209986195834556
libero_goal_task03_ep001_seed1_step0100,alternate_goal,7,3,0.699999988079071,0.37922106366812636,0.6383277197471039
libero_goal_task03_ep001_seed1_step0100,alternate_goal,7,4,0.6000000238418579,0.4344752606409446,0.6661909984694782
libero_goal_task03_ep001_seed1_step0100,alternate_goal,7,5,0.5,0.5135869986229672,0.7031295047267688
libero_goal_task03_ep001_seed1_step0100,alternate_goal,7,6,0.4000000059604645,0.6170829694892916,0.7436809627859885
libero_goal_task03_ep001_seed1_step0100,alternate_goal,7,7,0.30000001192092896,0.7439700105626981,0.7844927781076991
libero_goal_task03_ep001_seed1_step0100,alternate_goal,7,8,0.20000000298023224,0.8867223028456704,0.8319879186982149
libero_goal_task03_ep001_seed1_step0100,alternate_goal,7,9,0.10000000149011612,1.0413988646369814,0.8474469471501024
libero_goal_task03_ep001_seed1_step0100,alternate_goal,11,0,1.0,0.5460434813712876,0.5996579781886553
libero_goal_task03_ep001_seed1_step0100,alternate_goal,11,1,0.8999999761581421,0.5584633309143803,0.6056807073359879
libero_goal_task03_ep001_seed1_step0100,alternate_goal,11,2,0.800000011920929,0.5827134921121588,0.6209986195834556
libero_goal_task03_ep001_seed1_step0100,alternate_goal,11,3,0.699999988079071,0.6145727932337202,0.6383277197471039
libero_goal_task03_ep001_seed1_step0100,alternate_goal,11,4,0.6000000238418579,0.661707805526913,0.6661909984694782
libero_goal_task03_ep001_seed1_step0100,alternate_goal,11,5,0.5,0.7258309333028472,0.7031295047267688
libero_goal_task03_ep001_seed1_step0100,alternate_goal,11,6,0.4000000059604645,0.8067590106466592,0.7436809627859885
libero_goal_task03_ep001_seed1_step0100,alternate_goal,11,7,0.30000001192092896,0.9023299255446027,0.7844927781076991
libero_goal_task03_ep001_seed1_step0100,alternate_goal,11,8,0.20000000298023224,1.0068215037504216,0.8319879186982149
libero_goal_task03_ep001_seed1_step0100,alternate_goal,11,9,0.10000000149011612,1.115689692835861,0.8474469471501024
libero_goal_task03_ep001_seed1_step0100,alternate_goal,15,0,1.0,0.5971254257354672,0.5996579781886553
libero_goal_task03_ep001_seed1_step0100,alternate_goal,15,1,0.8999999761581421,0.6160791127417226,0.6056807073359879
libero_goal_task03_ep001_seed1_step0100,alternate_goal,15,2,0.800000011920929,0.645349008884966,0.6209986195834556
libero_goal_task03_ep001_seed1_step0100,alternate_goal,15,3,0.699999988079071,0.6796404070231095,0.6383277197471039
libero_goal_task03_ep001_seed1_step0100,alternate_goal,15,4,0.6000000238418579,0.7253311744894375,0.6661909984694782
libero_goal_task03_ep001_seed1_step0100,alternate_goal,15,5,0.5,0.7815097529885382,0.7031295047267688
libero_goal_task03_ep001_seed1_step0100,alternate_goal,15,6,0.4000000059604645,0.8467785729215781,0.7436809627859885
libero_goal_task03_ep001_seed1_step0100,alternate_goal,15,7,0.30000001192092896,0.9218995412924303,0.7844927781076991
libero_goal_task03_ep001_seed1_step0100,alternate_goal,15,8,0.20000000298023224,1.0044946587631725,0.8319879186982149
libero_goal_task03_ep001_seed1_step0100,alternate_goal,15,9,0.10000000149011612,1.0879194309391083,0.8474469471501024
libero_goal_task03_ep001_seed1_step0100,contradictory_alternate_goal,3,0,1.0,0.0863061469792243,0.45633382262022676
libero_goal_task03_ep001_seed1_step0100,contradictory_alternate_goal,3,1,0.8999999761581421,0.09359103093805084,0.46076213744703265
libero_goal_task03_ep001_seed1_step0100,contradictory_alternate_goal,3,2,0.800000011920929,0.11512310430532674,0.4711434186326639
libero_goal_task03_ep001_seed1_step0100,contradictory_alternate_goal,3,3,0.699999988079071,0.14930048804048385,0.4832673236571711
libero_goal_task03_ep001_seed1_step0100,contradictory_alternate_goal,3,4,0.6000000238418579,0.19667780820337505,0.5121625914212727
libero_goal_task03_ep001_seed1_step0100,contradictory_alternate_goal,3,5,0.5,0.2586304885694266,0.5525602503343557
libero_goal_task03_ep001_seed1_step0100,contradictory_alternate_goal,3,6,0.4000000059604645,0.33695938943205733,0.6080247163151487
libero_goal_task03_ep001_seed1_step0100,contradictory_alternate_goal,3,7,0.30000001192092896,0.4357536293259997,0.6768808376032834
libero_goal_task03_ep001_seed1_step0100,contradictory_alternate_goal,3,8,0.20000000298023224,0.5618701361195843,0.770801473837688
libero_goal_task03_ep001_seed1_step0100,contradictory_alternate_goal,3,9,0.10000000149011612,0.7311659222064891,0.8617016416073958
libero_goal_task03_ep001_seed1_step0100,contradictory_alternate_goal,7,0,1.0,0.24500213736948825,0.45633382262022676
libero_goal_task03_ep001_seed1_step0100,contradictory_alternate_goal,7,1,0.8999999761581421,0.25404589074658557,0.46076213744703265
libero_goal_task03_ep001_seed1_step0100,contradictory_alternate_goal,7,2,0.800000011920929,0.2731553328001243,0.4711434186326639
libero_goal_task03_ep001_seed1_step0100,contradictory_alternate_goal,7,3,0.699999988079071,0.3016872842123557,0.4832673236571711
libero_goal_task03_ep001_seed1_step0100,contradictory_alternate_goal,7,4,0.6000000238418579,0.34623402432900346,0.5121625914212727
libero_goal_task03_ep001_seed1_step0100,contradictory_alternate_goal,7,5,0.5,0.4098730641258334,0.5525602503343557
libero_goal_task03_ep001_seed1_step0100,contradictory_alternate_goal,7,6,0.4000000059604645,0.4960559240986164,0.6080247163151487
libero_goal_task03_ep001_seed1_step0100,contradictory_alternate_goal,7,7,0.30000001192092896,0.6083766431829656,0.6768808376032834
libero_goal_task03_ep001_seed1_step0100,contradictory_alternate_goal,7,8,0.20000000298023224,0.7450334011149158,0.770801473837688
libero_goal_task03_ep001_seed1_step0100,contradictory_alternate_goal,7,9,0.10000000149011612,0.9061390636733943,0.8617016416073958
libero_goal_task03_ep001_seed1_step0100,contradictory_alternate_goal,11,0,1.0,0.424248983367665,0.45633382262022676
libero_goal_task03_ep001_seed1_step0100,contradictory_alternate_goal,11,1,0.8999999761581421,0.43733035230077455,0.46076213744703265
libero_goal_task03_ep001_seed1_step0100,contradictory_alternate_goal,11,2,0.800000011920929,0.45891591211223925,0.4711434186326639
libero_goal_task03_ep001_seed1_step0100,contradictory_alternate_goal,11,3,0.699999988079071,0.4866749754776605,0.4832673236571711
libero_goal_task03_ep001_seed1_step0100,contradictory_alternate_goal,11,4,0.6000000238418579,0.5287737193691633,0.5121625914212727
libero_goal_task03_ep001_seed1_step0100,contradictory_alternate_goal,11,5,0.5,0.5876383497753426,0.5525602503343557
libero_goal_task03_ep001_seed1_step0100,contradictory_alternate_goal,11,6,0.4000000059604645,0.6652887302097741,0.6080247163151487
libero_goal_task03_ep001_seed1_step0100,contradictory_alternate_goal,11,7,0.30000001192092896,0.7617705915653862,0.6768808376032834
libero_goal_task03_ep001_seed1_step0100,contradictory_alternate_goal,11,8,0.20000000298023224,0.8735962023363596,0.770801473837688
libero_goal_task03_ep001_seed1_step0100,contradictory_alternate_goal,11,9,0.10000000149011612,1.0014790134906209,0.8617016416073958
libero_goal_task03_ep001_seed1_step0100,contradictory_alternate_goal,15,0,1.0,0.4639827568533721,0.45633382262022676
libero_goal_task03_ep001_seed1_step0100,contradictory_alternate_goal,15,1,0.8999999761581421,0.48231420030896904,0.46076213744703265
libero_goal_task03_ep001_seed1_step0100,contradictory_alternate_goal,15,2,0.800000011920929,0.5075412779477272,0.4711434186326639
libero_goal_task03_ep001_seed1_step0100,contradictory_alternate_goal,15,3,0.699999988079071,0.5381090349587672,0.4832673236571711
libero_goal_task03_ep001_seed1_step0100,contradictory_alternate_goal,15,4,0.6000000238418579,0.5823568618432081,0.5121625914212727
libero_goal_task03_ep001_seed1_step0100,contradictory_alternate_goal,15,5,0.5,0.6388734755062945,0.5525602503343557
libero_goal_task03_ep001_seed1_step0100,contradictory_alternate_goal,15,6,0.4000000059604645,0.7102005993893008,0.6080247163151487
libero_goal_task03_ep001_seed1_step0100,contradictory_alternate_goal,15,7,0.30000001192092896,0.794262113944859,0.6768808376032834
libero_goal_task03_ep001_seed1_step0100,contradictory_alternate_goal,15,8,0.20000000298023224,0.8875696602899776,0.770801473837688
libero_goal_task03_ep001_seed1_step0100,contradictory_alternate_goal,15,9,0.10000000149011612,0.9859674811895338,0.8617016416073958
libero_goal_task03_ep001_seed1_step0100,main_mean,3,0,1.0,0.11187586990420038,0.17128747280983542
libero_goal_task03_ep001_seed1_step0100,main_mean,3,1,0.8999999761581421,0.11389907110272625,0.1712432272209824
libero_goal_task03_ep001_seed1_step0100,main_mean,3,2,0.800000011920929,0.12015819742625446,0.1724381024294304
libero_goal_task03_ep001_seed1_step0100,main_mean,3,3,0.699999988079071,0.1283140513969604,0.16865915733171996
libero_goal_task03_ep001_seed1_step0100,main_mean,3,4,0.6000000238418579,0.13924929149610957,0.16106996691686998
libero_goal_task03_ep001_seed1_step0100,main_mean,3,5,0.5,0.15289031445768234,0.1617951851070019
libero_goal_task03_ep001_seed1_step0100,main_mean,3,6,0.4000000059604645,0.1684136729600149,0.17821972087637175
libero_goal_task03_ep001_seed1_step0100,main_mean,3,7,0.30000001192092896,0.18740809367095002,0.2001782529813742
libero_goal_task03_ep001_seed1_step0100,main_mean,3,8,0.20000000298023224,0.21261529830417636,0.2534628799446951
libero_goal_task03_ep001_seed1_step0100,main_mean,3,9,0.10000000149011612,0.2539396779413783,0.39383617423502404
libero_goal_task03_ep001_seed1_step0100,main_mean,7,0,1.0,0.2315007370570661,0.17128747280983542
libero_goal_task03_ep001_seed1_step0100,main_mean,7,1,0.8999999761581421,0.23546047874995144,0.1712432272209824
libero_goal_task03_ep001_seed1_step0100,main_mean,7,2,0.800000011920929,0.24332884547481037,0.1724381024294304
libero_goal_task03_ep001_seed1_step0100,main_mean,7,3,0.699999988079071,0.25162577195585734,0.16865915733171996
libero_goal_task03_ep001_seed1_step0100,main_mean,7,4,0.6000000238418579,0.2616807020269356,0.16106996691686998
libero_goal_task03_ep001_seed1_step0100,main_mean,7,5,0.5,0.27340369545306376,0.1617951851070019
libero_goal_task03_ep001_seed1_step0100,main_mean,7,6,0.4000000059604645,0.28634453308953595,0.17821972087637175
libero_goal_task03_ep001_seed1_step0100,main_mean,7,7,0.30000001192092896,0.3016010791256118,0.2001782529813742
libero_goal_task03_ep001_seed1_step0100,main_mean,7,8,0.20000000298023224,0.32237063281643696,0.2534628799446951
libero_goal_task03_ep001_seed1_step0100,main_mean,7,9,0.10000000149011612,0.35824555328688157,0.39383617423502404
libero_goal_task03_ep001_seed1_step0100,main_mean,11,0,1.0,0.3103129608538368,0.17128747280983542
libero_goal_task03_ep001_seed1_step0100,main_mean,11,1,0.8999999761581421,0.31582221838439994,0.1712432272209824
libero_goal_task03_ep001_seed1_step0100,main_mean,11,2,0.800000011920929,0.324420231663353,0.1724381024294304
libero_goal_task03_ep001_seed1_step0100,main_mean,11,3,0.699999988079071,0.33209945888796044,0.16865915733171996
libero_goal_task03_ep001_seed1_step0100,main_mean,11,4,0.6000000238418579,0.34079400048506725,0.16106996691686998
libero_goal_task03_ep001_seed1_step0100,main_mean,11,5,0.5,0.35091107891075213,0.1617951851070019
libero_goal_task03_ep001_seed1_step0100,main_mean,11,6,0.4000000059604645,0.363923758319698,0.17821972087637175
libero_goal_task03_ep001_seed1_step0100,main_mean,11,7,0.30000001192092896,0.37950267646705854,0.2001782529813742
libero_goal_task03_ep001_seed1_step0100,main_mean,11,8,0.20000000298023224,0.4015167532418157,0.2534628799446951
libero_goal_task03_ep001_seed1_step0100,main_mean,11,9,0.10000000149011612,0.4364178830749204,0.39383617423502404
libero_goal_task03_ep001_seed1_step0100,main_mean,15,0,1.0,0.2732450962571952,0.17128747280983542
libero_goal_task03_ep001_seed1_step0100,main_mean,15,1,0.8999999761581421,0.28088633884896724,0.1712432272209824
libero_goal_task03_ep001_seed1_step0100,main_mean,15,2,0.800000011920929,0.2916593669527968,0.1724381024294304
libero_goal_task03_ep001_seed1_step0100,main_mean,15,3,0.699999988079071,0.30200976867948004,0.16865915733171996
libero_goal_task03_ep001_seed1_step0100,main_mean,15,4,0.6000000238418579,0.31303071434036556,0.16106996691686998
libero_goal_task03_ep001_seed1_step0100,main_mean,15,5,0.5,0.3266453420133351,0.1617951851070019
libero_goal_task03_ep001_seed1_step0100,main_mean,15,6,0.4000000059604645,0.34672214789450273,0.17821972087637175
libero_goal_task03_ep001_seed1_step0100,main_mean,15,7,0.30000001192092896,0.37168084513416855,0.2001782529813742
libero_goal_task03_ep001_seed1_step0100,main_mean,15,8,0.20000000298023224,0.40573860110411686,0.2534628799446951
libero_goal_task03_ep001_seed1_step0100,main_mean,15,9,0.10000000149011612,0.4496069081553699,0.39383617423502404
libero_goal_task03_ep001_seed1_step0100,wrist_mean,3,0,1.0,0.07213763173679495,0.19243758003554376
libero_goal_task03_ep001_seed1_step0100,wrist_mean,3,1,0.8999999761581421,0.07366351107018591,0.18389179639857275
libero_goal_task03_ep001_seed1_step0100,wrist_mean,3,2,0.800000011920929,0.0798789204709011,0.18173897985658663
libero_goal_task03_ep001_seed1_step0100,wrist_mean,3,3,0.699999988079071,0.08949165191907013,0.1757152645070846
libero_goal_task03_ep001_seed1_step0100,wrist_mean,3,4,0.6000000238418579,0.10324290888493708,0.1681397521095804
libero_goal_task03_ep001_seed1_step0100,wrist_mean,3,5,0.5,0.12055880802315945,0.16331170381195095
libero_goal_task03_ep001_seed1_step0100,wrist_mean,3,6,0.4000000059604645,0.14047447217245085,0.17707170357306765
libero_goal_task03_ep001_seed1_step0100,wrist_mean,3,7,0.30000001192092896,0.1635625899342095,0.20611958960209917
libero_goal_task03_ep001_seed1_step0100,wrist_mean,3,8,0.20000000298023224,0.1933741452084748,0.27390728867626263
libero_goal_task03_ep001_seed1_step0100,wrist_mean,3,9,0.10000000149011612,0.24131150150072983,0.4167760984080308
libero_goal_task03_ep001_seed1_step0100,wrist_mean,7,0,1.0,0.13674545940042732,0.19243758003554376
libero_goal_task03_ep001_seed1_step0100,wrist_mean,7,1,0.8999999761581421,0.1386576941346785,0.18389179639857275
libero_goal_task03_ep001_seed1_step0100,wrist_mean,7,2,0.800000011920929,0.14545468351119453,0.18173897985658663
libero_goal_task03_ep001_seed1_step0100,wrist_mean,7,3,0.699999988079071,0.15500180689739398,0.1757152645070846
libero_goal_task03_ep001_seed1_step0100,wrist_mean,7,4,0.6000000238418579,0.16867596194664997,0.1681397521095804
libero_goal_task03_ep001_seed1_step0100,wrist_mean,7,5,0.5,0.18630580718405168,0.16331170381195095
libero_goal_task03_ep001_seed1_step0100,wrist_mean,7,6,0.4000000059604645,0.20720351516523658,0.17707170357306765
libero_goal_task03_ep001_seed1_step0100,wrist_mean,7,7,0.30000001192092896,0.2310620354731503,0.20611958960209917
libero_goal_task03_ep001_seed1_step0100,wrist_mean,7,8,0.20000000298023224,0.2620546454963056,0.27390728867626263
libero_goal_task03_ep001_seed1_step0100,wrist_mean,7,9,0.10000000149011612,0.3122425093680514,0.4167760984080308
libero_goal_task03_ep001_seed1_step0100,wrist_mean,11,0,1.0,0.22611247955461436,0.19243758003554376
libero_goal_task03_ep001_seed1_step0100,wrist_mean,11,1,0.8999999761581421,0.2277918116007427,0.18389179639857275
libero_goal_task03_ep001_seed1_step0100,wrist_mean,11,2,0.800000011920929,0.23420055604429674,0.18173897985658663
libero_goal_task03_ep001_seed1_step0100,wrist_mean,11,3,0.699999988079071,0.24270268527251534,0.1757152645070846
libero_goal_task03_ep001_seed1_step0100,wrist_mean,11,4,0.6000000238418579,0.25471125388284555,0.1681397521095804
libero_goal_task03_ep001_seed1_step0100,wrist_mean,11,5,0.5,0.2700769366401084,0.16331170381195095
libero_goal_task03_ep001_seed1_step0100,wrist_mean,11,6,0.4000000059604645,0.2901805693995764,0.17707170357306765
libero_goal_task03_ep001_seed1_step0100,wrist_mean,11,7,0.30000001192092896,0.31304045097993743,0.20611958960209917
libero_goal_task03_ep001_seed1_step0100,wrist_mean,11,8,0.20000000298023224,0.3427298057560417,0.27390728867626263
libero_goal_task03_ep001_seed1_step0100,wrist_mean,11,9,0.10000000149011612,0.3883589333404282,0.4167760984080308
libero_goal_task03_ep001_seed1_step0100,wrist_mean,15,0,1.0,0.24985389824752738,0.19243758003554376
libero_goal_task03_ep001_seed1_step0100,wrist_mean,15,1,0.8999999761581421,0.2510937537041594,0.18389179639857275
libero_goal_task03_ep001_seed1_step0100,wrist_mean,15,2,0.800000011920929,0.2579089535818007,0.18173897985658663
libero_goal_task03_ep001_seed1_step0100,wrist_mean,15,3,0.699999988079071,0.26528853974916017,0.1757152645070846
libero_goal_task03_ep001_seed1_step0100,wrist_mean,15,4,0.6000000238418579,0.2748655205067402,0.1681397521095804
libero_goal_task03_ep001_seed1_step0100,wrist_mean,15,5,0.5,0.2868861698532136,0.16331170381195095
libero_goal_task03_ep001_seed1_step0100,wrist_mean,15,6,0.4000000059604645,0.30601694686036024,0.17707170357306765
libero_goal_task03_ep001_seed1_step0100,wrist_mean,15,7,0.30000001192092896,0.3301469569319161,0.20611958960209917
libero_goal_task03_ep001_seed1_step0100,wrist_mean,15,8,0.20000000298023224,0.36297720004633466,0.27390728867626263
libero_goal_task03_ep001_seed1_step0100,wrist_mean,15,9,0.10000000149011612,0.41026051317481027,0.4167760984080308
